{"x": [0, 1, 2, 3, 4, 5, 6, 7, 8, 9, 10, 11, 12, 13, 14, 15, 16, 17, 18, 19, 20, 21, 22, 23, 24, 25, 26, 27, 28, 29, 30, 31, 32, 33, 34, 35, 36, 37, 38, 39, 40, 41, 42, 43, 44, 45, 46, 47, 48, 49, 50, 51, 52, 53, 54, 55, 56, 57, 58, 59, 60, 61, 62, 63, 64, 65, 66, 67, 68, 69, 70, 71, 72, 73, 74, 75, 76, 77, 78, 79, 80, 81, 82, 83, 84, 85, 86, 87, 88, 89, 90, 91, 92, 93, 94, 95, 96, 97, 98, 99, 100, 101, 102, 103, 104, 105, 106, 107, 108, 109, 110, 111, 112, 113, 114, 115, 116, 117, 118, 119, 120, 121, 122, 123, 124, 125, 126, 127, 128, 129, 130, 131, 132, 133, 134, 135, 136, 137, 138, 139, 140, 141, 142, 143, 144, 145, 146, 147, 148, 149, 150, 151, 152, 153, 154, 155, 156, 157, 158, 159, 160, 161, 162, 163, 164, 165, 166, 167, 168, 169, 170, 171, 172, 173, 174, 175, 176, 177, 178, 179, 180, 181, 182, 183, 184, 185, 186, 187, 188, 189, 190, 191, 192, 193, 194, 195, 196, 197, 198, 199, 200, 201, 202, 203, 204, 205, 206, 207, 208, 209, 210, 211, 212, 213, 214, 215, 216, 217, 218, 219, 220, 221, 222, 223, 224, 225, 226, 227, 228, 229, 230, 231, 232, 233, 234, 235, 236, 237, 238, 239, 240, 241, 242, 243, 244, 245, 246, 247, 248, 249, 250, 251, 252, 253, 254, 255, 256, 257, 258, 259, 260, 261, 262, 263, 264, 265, 266, 267, 268, 269, 270, 271, 272, 273, 274, 275, 276, 277, 278, 279, 280, 281, 282, 283, 284, 285, 286, 287, 288, 289, 290, 291, 292, 293, 294, 295, 296, 297, 298, 299, 300, 301, 302, 303, 304, 305, 306, 307, 308], "y": [0.39786189794540405, 0.5698108077049255, 0.7130677700042725, 0.6521794199943542, 0.8342441320419312, 0.5395108461380005, 0.7376343011856079, 0.6159783005714417, 0.8319839239120483, 0.513176679611206, 0.6806637644767761, 0.5710349678993225, 0.816593587398529, 0.9146722555160522, 0.6822041869163513, 0.5689882636070251, 0.6056404709815979, 0.5428667664527893, 0.7504290342330933, 0.1286361664533615, 0.31086739897727966, 0.5504516959190369, 0.8385495543479919, 0.7978814244270325, 0.743943989276886, 0.7675595879554749, 0.7510268688201904, 0.453156977891922, 0.4748122990131378, 0.7203224301338196, 0.7480854988098145, 0.738715410232544, 0.4945521056652069, 0.6890049576759338, 0.9894728064537048, 0.8496786952018738, 0.9345313906669617, 0.2570706903934479, 0.26232874393463135, 0.3993869125843048, 0.6629204154014587, 0.6400349140167236, 0.5987817645072937, 0.7992128133773804, 0.6227092146873474, 0.6358333826065063, 0.5807445049285889, 0.7400779128074646, 0.7554398775100708, 0.30972111225128174, 0.4772706925868988, 0.5281247496604919, 0.555902898311615, 0.7515854239463806, 0.5885468125343323, 0.7095412611961365, 0.47725793719291687, 0.6555870771408081, 0.4422866106033325, 0.706334114074707, 0.46820056438446045, 0.670873761177063, 0.8217295408248901, 0.4574113190174103, 0.44435033202171326, 0.5366929173469543, 0.6650537252426147, 0.6856971979141235, 0.6991085410118103, 0.6105645298957825, 0.6964297294616699, 0.7618373036384583, 0.47782477736473083, 0.2855103015899658, 0.7341359853744507, 0.7460401654243469, 0.3733319342136383, 0.4946576654911041, 0.24844525754451752, 0.730985164642334, 0.7044520974159241, 0.30623817443847656, 0.7355149984359741, 0.466450035572052, 0.3332222104072571, 0.6956172585487366, 0.6556276679039001, 0.6376578211784363, 0.7795567512512207, 0.6856132745742798, 0.7450610995292664, 0.6272386908531189, 0.7488486766815186, 0.5473988652229309, 0.20907354354858398, 0.792707085609436, 0.7139613032341003, 0.800021767616272, 0.8137551546096802, 0.7655338644981384, 0.8276735544204712, 0.34393584728240967, 0.6103646755218506, 0.7266691327095032, 0.8571003675460815, 0.44335442781448364, 0.7676436901092529, 0.5875385403633118, 0.6431903839111328, 0.3588898479938507, 0.7842020392417908, 0.17837797105312347, 0.4460448622703552, 0.40731048583984375, 0.7163048982620239, 0.4252763092517853, 0.6798886060714722, 0.41104137897491455, 0.7609951496124268, 0.5931023955345154, 0.6966729164123535, 0.6678008437156677, 0.5576494336128235, 0.297931045293808, 0.7429203391075134, 0.9064067602157593, 0.5837929844856262, 0.6193468570709229, 0.8036969304084778, 0.4359414577484131, 0.8173618912696838, 0.8816819787025452, 0.37787020206451416, 0.3589341938495636, 0.7472078204154968, 0.2916637361049652, 0.8535980582237244, 0.6435858011245728, 0.8063943982124329, 0.7481212615966797, 0.7885086536407471, 0.5777777433395386, 0.5439539551734924, 0.6703304052352905, 0.45997899770736694, 0.9721171259880066, 0.4275664985179901, 0.8144954442977905, 0.8911999464035034, 0.5759195685386658, 0.7073365449905396, 0.24470765888690948, 0.5867329835891724, 0.8508709669113159, 0.6574311256408691, 0.41486677527427673, 0.43652886152267456, 0.8738765716552734, 0.9065032005310059, 0.09581547975540161, 0.7111572623252869, 0.8035647869110107, 0.781436026096344, 0.8131488561630249, 0.42089447379112244, 0.6786205768585205, 0.6922211647033691, 0.8057894706726074, 0.7144007682800293, 0.7229693531990051, 0.4413573741912842, 0.6148041486740112, 0.5768303871154785, 0.15963339805603027, 0.8379060626029968, 0.4383585751056671, 0.11985679715871811, 0.3663404881954193, 0.5098794102668762, 0.6501170992851257, 0.7940791845321655, 0.137651726603508, 0.5069416761398315, 0.5993697643280029, 0.8267788887023926, 0.7517622113227844, 0.9500822424888611, 0.8672904372215271, 0.8019496202468872, 0.29843857884407043, 0.011225584894418716, 0.9088377356529236, 0.8537065386772156, 0.19869965314865112, 0.6234016418457031, 0.34196949005126953, 0.7149868011474609, 0.36365625262260437, 0.4245866537094116, 0.952720046043396, 0.6360522508621216, 0.46079766750335693, 0.20920443534851074, 0.6280808448791504, 0.8165009617805481, 0.5294533371925354, 0.8748771548271179, 0.790043294429779, 0.6527531743049622, 0.6450402140617371, 0.3775183856487274, 0.27552029490470886, 0.8449094295501709, 0.6793248057365417, 0.862200915813446, 0.48677244782447815, 0.3821052610874176, 0.7562391757965088, 0.7507273554801941, 0.6139131188392639, 0.5078885555267334, 0.6521613001823425, 0.655339777469635, 0.6263923645019531, 0.8346772193908691, 0.3705735206604004, 0.5140620470046997, 0.9150212407112122, 0.8394526243209839, 0.4848748743534088, 0.7252689599990845, 0.8217777609825134, 0.4471435248851776, 0.39452171325683594, 0.7505219578742981, 0.8718003034591675, 0.1838073879480362, 0.70619136095047, 0.0060315667651593685, 0.8949825763702393, 0.7453464865684509, 0.838191568851471, 0.942075252532959, 0.6212857365608215, 0.6898805499076843, 0.508558988571167, 0.764615535736084, 0.85378098487854, 0.6507309675216675, 0.4672347605228424, 0.5491556525230408, 0.6572737097740173, 0.8233975768089294, 0.6180181503295898, 0.8397318720817566, 0.8543305993080139, 0.6601997017860413, 0.8569478988647461, 0.5714276432991028, 0.4777122735977173, 0.7515267133712769, 0.8479608297348022, 0.3264176845550537, 0.6538377404212952, 0.004766280762851238, 0.607687771320343, 0.6028928160667419, 0.8208865523338318, 0.7647021412849426, 0.7084722518920898, 0.664758026599884, 0.6824102997779846, 0.7939178347587585, 0.3393057882785797, 0.4909607172012329, 0.4767201542854309, 0.8160590529441833, 0.8357406258583069, 0.7496436834335327, 0.7974481582641602, 0.9042885303497314, 0.7564860582351685, 0.7407588362693787, 0.4404951333999634, 0.35587286949157715, 0.8926634788513184, 0.4741065204143524, 0.4039052128791809, 0.6103847622871399, 0.4854079782962799, 0.5919426679611206, 0.19920864701271057, 0.20450839400291443, 0.47588449716567993, 0.7819034457206726, 0.44063544273376465, 0.6689850687980652, 0.2815294861793518, 0.7523683309555054, 0.4733145833015442, 0.8006129264831543, 0.9209718704223633, 0.33939990401268005, 0.7276794910430908, 0.6970589756965637, 0.6238862872123718, 0.594979465007782, 0.46992215514183044, 0.5065180063247681]}