{"x": [0, 1, 2, 3, 4, 5, 6, 7, 8, 9, 10, 11, 12, 13, 14, 15, 16, 17, 18, 19, 20, 21, 22, 23, 24, 25, 26, 27, 28, 29, 30, 31, 32, 33, 34, 35, 36, 37, 38, 39, 40, 41, 42, 43, 44, 45, 46, 47, 48, 49, 50, 51, 52, 53, 54, 55, 56, 57, 58, 59, 60, 61, 62, 63, 64, 65, 66, 67, 68, 69, 70, 71, 72, 73, 74, 75, 76, 77, 78, 79, 80, 81, 82, 83, 84, 85, 86, 87, 88, 89, 90, 91, 92, 93, 94, 95, 96, 97, 98, 99, 100, 101, 102, 103, 104, 105, 106, 107, 108, 109, 110, 111, 112, 113, 114, 115, 116, 117, 118, 119, 120, 121, 122, 123, 124, 125, 126, 127, 128, 129, 130, 131, 132, 133, 134, 135, 136, 137, 138, 139, 140, 141, 142, 143, 144, 145, 146, 147, 148, 149, 150, 151, 152, 153, 154, 155, 156, 157, 158, 159, 160, 161, 162, 163, 164, 165, 166, 167, 168, 169, 170, 171, 172, 173, 174, 175, 176, 177, 178, 179, 180, 181, 182, 183, 184, 185, 186, 187, 188, 189, 190, 191, 192, 193, 194, 195, 196, 197, 198, 199, 200, 201, 202, 203, 204, 205, 206, 207, 208, 209, 210, 211, 212, 213, 214, 215, 216, 217, 218, 219, 220, 221, 222, 223, 224, 225, 226, 227, 228, 229, 230, 231, 232, 233, 234, 235, 236, 237, 238, 239, 240, 241, 242, 243, 244, 245, 246, 247, 248, 249, 250, 251, 252, 253, 254, 255, 256, 257, 258, 259, 260, 261, 262, 263, 264, 265, 266, 267, 268, 269, 270, 271, 272, 273, 274, 275, 276, 277, 278, 279, 280, 281, 282, 283, 284, 285, 286, 287, 288, 289, 290, 291, 292, 293, 294, 295, 296, 297, 298, 299, 300, 301, 302, 303, 304, 305, 306, 307, 308], "y": [0.9708560705184937, 0.9749137163162231, 0.911221444606781, 0.9848270416259766, 0.4888181686401367, 0.9153796434402466, 0.7751793265342712, 0.913024365901947, 0.9232576489448547, 0.9239092469215393, 0.651275634765625, 0.9828346967697144, 0.978869616985321, 0.9917515516281128, 0.857123076915741, 0.45543983578681946, 0.9325098991394043, 0.7309705018997192, 0.9111355543136597, 0.9700822830200195, 0.8525288701057434, 0.8663783073425293, 0.9967702031135559, 0.9962896704673767, 0.9919829964637756, 0.9752463698387146, 0.9871395826339722, 0.736145555973053, 0.7421303391456604, 0.31372156739234924, 0.9679295420646667, 0.5706774592399597, 0.8174557089805603, 0.9612048268318176, 0.9775269627571106, 0.5662088990211487, 0.9174023270606995, 0.0868673101067543, 0.20394660532474518, 0.23492075502872467, 0.6622938513755798, 0.3516480028629303, 0.863195538520813, 0.8331467509269714, 0.976794421672821, 0.9363869428634644, 0.983426570892334, 0.3010706603527069, 0.6249904632568359, 0.7814618945121765, 0.9927555322647095, 0.9234846234321594, 0.11172327399253845, 0.6818034648895264, 0.8635570406913757, 0.9107165932655334, 0.8006079792976379, 0.9325647950172424, 0.9741929769515991, 0.0009491831297054887, 0.028234949335455894, 0.9845268130302429, 0.9732258319854736, 0.8069191575050354, 0.9243964552879333, 0.9630764722824097, 0.9862189292907715, 0.9447121620178223, 0.9511635303497314, 0.8259232640266418, 0.9918222427368164, 0.9880923628807068, 0.9727608561515808, 0.9869373440742493, 0.8079004883766174, 0.9988982081413269, 0.9684364795684814, 0.7876003980636597, 0.9466719031333923, 0.9758812189102173, 0.9632152915000916, 0.9719924330711365, 0.8437901139259338, 0.9402284026145935, 0.004400981590151787, 0.9416098594665527, 0.800196647644043, 0.9086501002311707, 0.9782984852790833, 0.6011542081832886, 0.9227737188339233, 0.49134764075279236, 0.8688324093818665, 0.9968081116676331, 0.8083045482635498, 0.8098148703575134, 0.9149348735809326, 0.7730931043624878, 0.5874366164207458, 0.6212351322174072, 0.5152707099914551, 0.6699872016906738, 0.6685923337936401, 0.9713441133499146, 0.9808749556541443, 0.9418590068817139, 0.9755629301071167, 0.99247807264328, 0.8602370619773865, 0.8009989261627197, 0.9951107501983643, 0.9024878144264221, 0.7935728430747986, 0.731299102306366, 0.9653185606002808, 0.9241670966148376, 0.9466590881347656, 0.9876673221588135, 0.26546546816825867, 0.9762082099914551, 0.09446308016777039, 0.9841596484184265, 0.7786608338356018, 0.9577997326850891, 0.7235526442527771, 0.9033021926879883, 0.26838603615760803, 0.8202305436134338, 0.9154236316680908, 0.9882335066795349, 0.9167876243591309, 0.9637036919593811, 0.9363848567008972, 0.9354037642478943, 0.9502101540565491, 0.9228785037994385, 0.9867278337478638, 0.9536658525466919, 0.8599241971969604, 0.7475435137748718, 0.7068614959716797, 0.9278820157051086, 0.6049387454986572, 0.966016411781311, 0.4889231324195862, 0.9441940188407898, 0.5653289556503296, 0.968375027179718, 0.8487192988395691, 0.9430021047592163, 0.012925755232572556, 0.8708068132400513, 0.9185978770256042, 0.013071955181658268, 0.4859806299209595, 0.9023893475532532, 0.9253261685371399, 0.7081759572029114, 0.958078920841217, 0.5665287375450134, 0.9762376546859741, 0.9709850549697876, 0.7877090573310852, 0.9852457642555237, 0.9518253207206726, 0.9045161008834839, 0.9649430513381958, 0.9959809184074402, 0.9936458468437195, 0.9907677173614502, 0.9604529738426208, 0.8822134733200073, 0.42329955101013184, 0.7305828332901001, 0.7040904760360718, 0.8686946630477905, 0.48357877135276794, 0.967904269695282, 0.9588395357131958, 0.030628040432929993, 0.8169285655021667, 0.7465782165527344, 0.5016640424728394, 0.9117143154144287, 0.8402243256568909, 0.9560403823852539, 0.9975535273551941, 0.8170950412750244, 0.9617663025856018, 0.27208954095840454, 0.04465896263718605, 0.9296395182609558, 0.42287275195121765, 0.9723802208900452, 0.7045518755912781, 0.643801748752594, 0.982498824596405, 0.5967009663581848, 0.9616873860359192, 0.5068820714950562, 0.8705090880393982, 0.48767349123954773, 0.1706421673297882, 0.9293398261070251, 0.9259177446365356, 0.45293381810188293, 0.8987876176834106, 0.07807101309299469, 0.7656586766242981, 0.9508459568023682, 0.5382681488990784, 0.7699238657951355, 0.99358731508255, 0.8741989135742188, 0.9910584092140198, 0.8781395554542542, 0.9430392384529114, 0.44038769602775574, 0.9367945194244385, 0.9737842082977295, 0.8080894351005554, 0.459737628698349, 0.9444490671157837, 0.2524135112762451, 0.9038541316986084, 0.7951987385749817, 0.8238816857337952, 0.7661207318305969, 0.8751946091651917, 0.27549928426742554, 0.8380951881408691, 0.9932997226715088, 0.9541853070259094, 0.961523175239563, 0.8677350282669067, 0.9961585402488708, 0.9310566782951355, 0.9945111274719238, 0.8194279670715332, 0.994184672832489, 0.4851495027542114, 0.9913159012794495, 0.9710480570793152, 0.9747202396392822, 0.9913264513015747, 0.971039354801178, 0.9935131072998047, 0.9849823117256165, 0.9825862050056458, 0.9970425963401794, 0.9961860775947571, 0.9981499910354614, 0.9986143708229065, 0.9912265539169312, 0.965574324131012, 0.7172124981880188, 0.8602852821350098, 0.8153561353683472, 0.9403907060623169, 0.8480364680290222, 0.4779095947742462, 0.8620089292526245, 0.9931661486625671, 0.9593445658683777, 0.8672500252723694, 0.9882333874702454, 0.9235033392906189, 0.675102710723877, 0.9392938613891602, 0.8627617359161377, 0.9760677814483643, 0.9792623519897461, 0.9952916502952576, 0.4806928336620331, 0.22898565232753754, 0.9623167514801025, 0.992070734500885, 0.9732364416122437, 0.9570338726043701, 0.9949001669883728, 0.9830754995346069, 0.9905825853347778, 0.9788773059844971, 0.4520915746688843, 0.923820436000824, 0.7634035348892212, 0.3941265642642975, 0.9595369696617126, 0.993909478187561, 0.9554572105407715, 0.8646683692932129, 0.9807454347610474, 0.6295689940452576, 0.9329379200935364, 0.9909090995788574, 0.9814002513885498, 0.9852896332740784, 0.6579879522323608, 0.922126293182373, 0.9099710583686829, 0.8948897123336792, 0.9895128011703491, 0.9768255352973938, 0.9854553937911987, 0.8452011942863464, 0.5160229802131653, 0.2528146207332611, 0.6032491326332092, 0.9779403805732727]}