{"x": [0, 1, 2, 3, 4, 5, 6, 7, 8, 9, 10, 11, 12, 13, 14, 15, 16, 17, 18, 19, 20, 21, 22, 23, 24, 25, 26, 27, 28, 29, 30, 31, 32, 33, 34, 35, 36, 37, 38, 39, 40, 41, 42, 43, 44, 45, 46, 47, 48, 49, 50, 51, 52, 53, 54, 55, 56, 57, 58, 59, 60, 61, 62, 63, 64, 65, 66, 67, 68, 69, 70, 71, 72, 73, 74, 75, 76, 77, 78, 79, 80, 81, 82, 83, 84, 85, 86, 87, 88, 89, 90, 91, 92, 93, 94, 95, 96, 97, 98, 99, 100, 101, 102, 103, 104, 105, 106, 107, 108, 109, 110, 111, 112, 113, 114, 115, 116, 117, 118, 119, 120, 121, 122, 123, 124, 125, 126, 127, 128, 129, 130, 131, 132, 133, 134, 135, 136, 137, 138, 139, 140, 141, 142, 143, 144, 145, 146, 147, 148, 149, 150, 151, 152, 153, 154, 155, 156, 157, 158, 159, 160, 161, 162, 163, 164, 165, 166, 167, 168, 169, 170, 171, 172, 173, 174, 175, 176, 177, 178, 179, 180, 181, 182, 183, 184, 185, 186, 187, 188, 189, 190, 191, 192, 193, 194, 195, 196, 197, 198, 199, 200, 201, 202, 203, 204, 205, 206, 207, 208, 209, 210, 211, 212, 213, 214, 215, 216, 217, 218, 219, 220, 221, 222, 223, 224, 225, 226, 227, 228, 229, 230, 231, 232, 233, 234, 235, 236, 237, 238, 239, 240, 241, 242, 243, 244, 245, 246, 247, 248, 249, 250, 251, 252, 253, 254, 255, 256, 257, 258, 259, 260, 261, 262, 263, 264, 265, 266, 267, 268, 269, 270, 271, 272, 273, 274, 275, 276, 277, 278, 279, 280, 281, 282, 283, 284, 285, 286, 287, 288, 289, 290, 291, 292, 293, 294, 295, 296, 297, 298, 299, 300, 301, 302, 303, 304, 305, 306, 307, 308], "y": [0.9079787731170654, 0.9850277304649353, 0.8538199663162231, 0.997157871723175, 0.588323175907135, 0.9924460053443909, 0.9954360127449036, 0.9984186887741089, 0.8702035546302795, 0.9960390329360962, 0.4145018458366394, 0.9870203137397766, 0.9914418458938599, 0.9915316104888916, 0.9965165853500366, 0.026550238952040672, 0.9412699937820435, 0.9230190515518188, 0.9956972002983093, 0.9945088624954224, 0.9222692847251892, 0.838007926940918, 0.9971612691879272, 0.9988797307014465, 0.9978018403053284, 0.9950538873672485, 0.9893363118171692, 0.3950832486152649, 0.8624237775802612, 0.4427916407585144, 0.9780840277671814, 0.442531555891037, 0.9859604239463806, 0.9715355038642883, 0.9977710247039795, 0.40513351559638977, 0.9146592617034912, 0.018313463777303696, 0.000299669656669721, 0.41994163393974304, 0.38809671998023987, 0.20925448834896088, 0.9372254014015198, 0.6475750803947449, 0.5270318984985352, 0.6413919925689697, 0.7147344350814819, 0.1464959979057312, 0.5947107076644897, 0.9256951212882996, 0.9043005704879761, 0.969032883644104, 0.35740116238594055, 0.33294036984443665, 0.386046826839447, 0.6220408082008362, 0.5784658789634705, 0.704658031463623, 0.9737162590026855, 0.017033901065587997, 0.009080399759113789, 0.961268424987793, 0.9010601043701172, 0.8621447086334229, 0.9971828460693359, 0.9732314944267273, 0.9981816411018372, 0.2389676570892334, 0.513613760471344, 0.9906320571899414, 0.9972661137580872, 0.9957245588302612, 0.9866456985473633, 0.2930232584476471, 0.8425595164299011, 0.9965715408325195, 0.6919665932655334, 0.6277675032615662, 0.988335907459259, 0.9519371390342712, 0.9807195067405701, 0.9959429502487183, 0.9512418508529663, 0.9942858815193176, 0.0025075224693864584, 0.7255332469940186, 0.9858441948890686, 0.9932485222816467, 0.9919862151145935, 0.40454337000846863, 0.9919846653938293, 0.7234046459197998, 0.9264746904373169, 0.7318421006202698, 0.010231909342110157, 0.424873024225235, 0.8955287337303162, 0.993777871131897, 0.34918808937072754, 0.16243712604045868, 0.4763876795768738, 0.26846078038215637, 0.72499018907547, 0.9982868432998657, 0.9967269897460938, 0.989972710609436, 0.9140772819519043, 0.7932888865470886, 0.9973399639129639, 0.9672707319259644, 0.9969637393951416, 0.6339602470397949, 0.9961559176445007, 0.9742279648780823, 0.9931176900863647, 0.9965424537658691, 0.9540823101997375, 0.9988797903060913, 0.0007573022739961743, 0.9434980750083923, 0.8446133136749268, 0.9968064427375793, 0.4872046411037445, 0.9567863941192627, 0.912228524684906, 0.7260879278182983, 0.017956282943487167, 0.9738325476646423, 0.8276646137237549, 0.9935739040374756, 0.9791338443756104, 0.9964064955711365, 0.9501549601554871, 0.3755437433719635, 0.6579915881156921, 0.44269859790802, 0.9540603160858154, 0.9957830309867859, 0.8369545340538025, 0.986138105392456, 0.8113690614700317, 0.9748824834823608, 0.09097269177436829, 0.9923297166824341, 0.21602042019367218, 0.8134164214134216, 0.04004945233464241, 0.9977777600288391, 0.7260090112686157, 0.912397563457489, 0.4777587354183197, 0.8488302230834961, 0.9935958385467529, 0.38443613052368164, 0.16440518200397491, 0.8698633313179016, 0.575104832649231, 0.6590070128440857, 0.880114734172821, 0.0030100399162620306, 0.6931186318397522, 0.9973456859588623, 0.8916534185409546, 0.9986097812652588, 0.989788830280304, 0.9665618538856506, 0.787828803062439, 0.9985848069190979, 0.9872418642044067, 0.7018356919288635, 0.9758166074752808, 0.7458519339561462, 0.464571475982666, 0.9693384170532227, 0.9841917157173157, 0.746807873249054, 0.9416093230247498, 0.8183259963989258, 0.9519278407096863, 0.2331978678703308, 0.45346277952194214, 0.5729624629020691, 0.7759138345718384, 0.9941939115524292, 0.9867006540298462, 0.9648528695106506, 0.9863507747650146, 0.8959335088729858, 0.9645270705223083, 0.19464874267578125, 0.001821958227083087, 0.9313759803771973, 0.10710618644952774, 0.31695544719696045, 0.36177852749824524, 0.9253966808319092, 0.5341406464576721, 0.3802049458026886, 0.9069512486457825, 0.9515182375907898, 0.3285687565803528, 0.7734352946281433, 0.018915146589279175, 0.8392875790596008, 0.6584351658821106, 0.48052096366882324, 0.404489666223526, 0.018635692074894905, 0.9398615956306458, 0.6959102749824524, 0.17739923298358917, 0.05570482835173607, 0.7641496658325195, 0.27164024114608765, 0.741138756275177, 0.5296211838722229, 0.6224658489227295, 0.6652074456214905, 0.3543466329574585, 0.5601330399513245, 0.1094045490026474, 0.029993204399943352, 0.21987144649028778, 0.4664786159992218, 0.8834486603736877, 0.8973063230514526, 0.30767711997032166, 0.03126461058855057, 0.4762366712093353, 0.08619045466184616, 0.39949432015419006, 0.9977402091026306, 0.9081411361694336, 0.9973424077033997, 0.8505699634552002, 0.9988085031509399, 0.8953455090522766, 0.9955886602401733, 0.9581553936004639, 0.9960870146751404, 0.08644261956214905, 0.9907159805297852, 0.9474949240684509, 0.9886531829833984, 0.9973363280296326, 0.9901594519615173, 0.9929817914962769, 0.9987075328826904, 0.9886477589607239, 0.9926479458808899, 0.9953336119651794, 0.9715364575386047, 0.9901537895202637, 0.8682503700256348, 0.998431384563446, 0.4584810137748718, 0.9831315875053406, 0.8237295746803284, 0.9166929125785828, 0.943649411201477, 0.2938314378261566, 0.7166895866394043, 0.7874518632888794, 0.4785223603248596, 0.006864046212285757, 0.9956672787666321, 0.992888867855072, 0.456346720457077, 0.9817156195640564, 0.7618806958198547, 0.841168224811554, 0.6883432269096375, 0.9340357780456543, 0.26003044843673706, 0.3263629972934723, 0.8291565179824829, 0.993868350982666, 0.9653056263923645, 0.9817155599594116, 0.9987732768058777, 0.9966130256652832, 0.9663208723068237, 0.9373950958251953, 0.0005653173429891467, 0.8551378846168518, 0.8016980886459351, 0.39094629883766174, 0.9555205702781677, 0.9884698987007141, 0.956325352191925, 0.752528965473175, 0.8681222200393677, 0.4218306839466095, 0.9966645240783691, 0.9943885803222656, 0.9989835023880005, 0.9964548945426941, 0.9331412315368652, 0.9022265076637268, 0.9928797483444214, 0.9882607460021973, 0.9893166422843933, 0.9907441735267639, 0.9034708142280579, 0.9508458375930786, 0.2220005989074707, 0.9874885082244873, 0.10919362306594849, 0.9465939998626709]}