{"x": [0, 1, 2, 3, 4, 5, 6, 7, 8, 9, 10, 11, 12, 13, 14, 15, 16, 17, 18, 19, 20, 21, 22, 23, 24, 25, 26, 27, 28, 29, 30, 31, 32, 33, 34, 35, 36, 37, 38, 39, 40, 41, 42, 43, 44, 45, 46, 47, 48, 49, 50, 51, 52, 53, 54, 55, 56, 57, 58, 59, 60, 61, 62, 63, 64, 65, 66, 67, 68, 69, 70, 71, 72, 73, 74, 75, 76, 77, 78, 79, 80, 81, 82, 83, 84, 85, 86, 87, 88, 89, 90, 91, 92, 93, 94, 95, 96, 97, 98, 99, 100, 101, 102, 103, 104, 105, 106, 107, 108, 109, 110, 111, 112, 113, 114, 115, 116, 117, 118, 119, 120, 121, 122, 123, 124, 125, 126, 127, 128, 129, 130, 131, 132, 133, 134, 135, 136, 137, 138, 139, 140, 141, 142, 143, 144, 145, 146, 147, 148, 149, 150, 151, 152, 153, 154, 155, 156, 157, 158, 159, 160, 161, 162, 163, 164, 165, 166, 167, 168, 169, 170, 171, 172, 173, 174, 175, 176, 177, 178, 179, 180, 181, 182, 183, 184, 185, 186, 187, 188, 189, 190, 191, 192, 193, 194, 195, 196, 197, 198, 199, 200, 201, 202, 203, 204, 205, 206, 207, 208, 209, 210, 211, 212, 213, 214, 215, 216, 217, 218, 219, 220, 221, 222, 223, 224, 225, 226, 227, 228, 229, 230, 231, 232, 233, 234, 235, 236, 237, 238, 239, 240, 241, 242, 243, 244, 245, 246, 247, 248, 249, 250, 251, 252, 253, 254, 255, 256, 257, 258, 259, 260, 261, 262, 263, 264, 265, 266, 267, 268, 269, 270, 271, 272, 273, 274, 275, 276, 277, 278, 279, 280, 281, 282, 283, 284, 285, 286, 287, 288, 289, 290, 291, 292, 293, 294, 295, 296, 297, 298, 299, 300, 301, 302, 303, 304, 305, 306, 307, 308], "y": [0.15893715620040894, 0.5343517065048218, 0.17398956418037415, 0.9686151146888733, 0.8829710483551025, 0.19067704677581787, 0.29346710443496704, 0.12838876247406006, 0.556810200214386, 0.027607111260294914, 0.9822251200675964, 0.0047387429513037205, 0.007719483692198992, 0.05859615281224251, 0.5999315977096558, 0.9520114064216614, 0.010003829374909401, 0.9784016609191895, 0.3000650107860565, 0.7592098116874695, 0.797071099281311, 0.5943269729614258, 0.5398929119110107, 0.7404592633247375, 0.6147696375846863, 0.035866472870111465, 0.19001944363117218, 0.5404136776924133, 0.5506699681282043, 0.4758266508579254, 0.612142026424408, 0.9139107465744019, 0.5597378611564636, 0.19957923889160156, 0.4630487263202667, 0.8235536813735962, 0.7626028656959534, 0.9660281538963318, 0.19494487345218658, 0.5263634920120239, 0.5166939496994019, 0.419387549161911, 0.5319077968597412, 0.41550737619400024, 0.12975728511810303, 0.5636868476867676, 0.41694673895835876, 0.9175925850868225, 0.25576815009117126, 0.9693475365638733, 0.32760190963745117, 0.37245312333106995, 0.18329991400241852, 0.5952750444412231, 0.3909592628479004, 0.3648431897163391, 0.019807063043117523, 0.2786693871021271, 0.4047739803791046, 0.9563291668891907, 0.8778690695762634, 0.3039126396179199, 0.6167048215866089, 0.6493951082229614, 0.3652854859828949, 0.5213257670402527, 0.13838410377502441, 0.1181635707616806, 0.7479660511016846, 0.8465567827224731, 0.5533952116966248, 0.004086741711944342, 0.044262249022722244, 0.3707404136657715, 0.5913679599761963, 0.22422906756401062, 0.0010681449202820659, 0.12016617506742477, 0.7659599781036377, 0.6433484554290771, 0.12445227801799774, 0.10111050307750702, 0.4454934298992157, 0.7586462497711182, 0.29440829157829285, 0.9425747990608215, 0.5168832540512085, 0.5914329886436462, 0.5733519196510315, 0.9617443084716797, 0.632660984992981, 0.6324996948242188, 0.8478074669837952, 0.09805047512054443, 0.05741550028324127, 0.5829784274101257, 0.5796062350273132, 0.6103836894035339, 0.7698321342468262, 0.8828132152557373, 0.5049880146980286, 0.4285041093826294, 0.8868433833122253, 0.7588315010070801, 0.5071057677268982, 0.20417550206184387, 0.8174316883087158, 0.022774772718548775, 0.9456150531768799, 0.29677456617355347, 0.9862772226333618, 0.34497562050819397, 0.8095811009407043, 0.8970820307731628, 0.5455554127693176, 0.7599741816520691, 0.8348735570907593, 0.04895017296075821, 0.36415207386016846, 0.6147289276123047, 0.9606795907020569, 0.8875743746757507, 0.6785705089569092, 0.09612715989351273, 0.6530163884162903, 0.8260899186134338, 0.8252282738685608, 0.9784117341041565, 0.9978717565536499, 0.04341835528612137, 0.9953030347824097, 0.7106599807739258, 0.11547814309597015, 0.29440996050834656, 0.3109232187271118, 0.3046038746833801, 0.42821741104125977, 0.8080822825431824, 0.9936712980270386, 0.8001336455345154, 0.7813209891319275, 0.055340349674224854, 0.9367250204086304, 0.743661642074585, 0.47557640075683594, 0.9544235467910767, 0.6890326738357544, 0.10741449147462845, 0.8113411664962769, 0.6152218580245972, 0.8769059181213379, 0.010530930943787098, 0.05527360737323761, 0.9254270792007446, 0.2562897801399231, 0.42067545652389526, 0.1670716106891632, 0.43327397108078003, 0.8968350887298584, 0.2869831621646881, 0.435484379529953, 0.760238528251648, 0.8223720788955688, 0.0038509448058903217, 0.7394338846206665, 0.8227498531341553, 0.7207105755805969, 0.12427539378404617, 0.7235572934150696, 0.6715618371963501, 0.35060515999794006, 0.973657488822937, 0.4764273762702942, 0.3164590895175934, 0.5646226406097412, 0.5219210386276245, 0.4311566650867462, 0.01909858174622059, 0.7466301918029785, 0.7945446968078613, 0.8860645890235901, 0.12976928055286407, 0.8517839312553406, 0.8205815553665161, 0.7620779871940613, 0.39729225635528564, 0.14845116436481476, 0.31014469265937805, 0.8218765258789062, 0.2424260973930359, 0.009720531292259693, 0.024518730118870735, 0.2565310001373291, 0.34554120898246765, 0.9655598998069763, 0.2723199725151062, 0.3619416356086731, 0.016002919524908066, 0.0329345166683197, 0.8654489517211914, 0.010443218983709812, 0.5410639047622681, 0.5187829732894897, 0.8653524518013, 0.09376589208841324, 0.23127569258213043, 0.022174084559082985, 0.7742340564727783, 0.7683500051498413, 0.3357316255569458, 0.8875806927680969, 0.3123321533203125, 0.44469955563545227, 0.5341801047325134, 0.405405730009079, 0.37977099418640137, 0.008101269602775574, 0.2237880676984787, 0.35843920707702637, 0.533366322517395, 0.04699926823377609, 0.023097611963748932, 0.012360936030745506, 0.3575664758682251, 0.7987775802612305, 0.5359620451927185, 0.26562362909317017, 0.9753918647766113, 0.7268499135971069, 0.6936450004577637, 0.992670476436615, 0.8356826305389404, 0.7956458330154419, 0.4763851463794708, 0.5561357736587524, 0.7972992062568665, 0.0688638836145401, 0.834956169128418, 0.3820022642612457, 0.7351610064506531, 0.4135403633117676, 0.17513887584209442, 0.7934596538543701, 0.5598703026771545, 0.5436090230941772, 0.5637295842170715, 0.46524539589881897, 0.9922889471054077, 0.026177264750003815, 0.32711997628211975, 0.058668721467256546, 0.12610448896884918, 0.3426201641559601, 0.9807312488555908, 0.05764230340719223, 0.20791755616664886, 0.8884997367858887, 0.9024896025657654, 0.1481751650571823, 0.6660723090171814, 0.9740545153617859, 0.9338445067405701, 0.23702719807624817, 0.6442255973815918, 0.003325910773128271, 0.5911521315574646, 0.0030164248310029507, 0.6040645837783813, 0.6667290925979614, 0.8305180072784424, 0.7021488547325134, 0.3188748061656952, 0.13899557292461395, 0.5285050272941589, 0.5118875503540039, 0.015807591378688812, 0.427982360124588, 0.8073870539665222, 0.6575818657875061, 0.3373863995075226, 0.2642242908477783, 0.32659482955932617, 0.9894663095474243, 0.7206484079360962, 0.9796510338783264, 0.7128387689590454, 0.5280684232711792, 0.602152407169342, 0.378484845161438, 0.7068405151367188, 0.3256094753742218, 0.012725838460028172, 0.00764538673684001, 0.09858579188585281, 0.331448495388031, 0.9872733950614929, 0.7672232389450073, 0.0878378227353096, 0.7822446823120117, 0.131602481007576, 0.8714945316314697, 0.6249186396598816, 0.6663593053817749, 0.832598865032196, 0.3953266441822052, 0.8983399271965027, 0.036530833691358566, 0.8527081608772278, 0.9833911657333374]}