{"x": [0, 1, 2, 3, 4, 5, 6, 7, 8, 9, 10, 11, 12, 13, 14, 15, 16, 17, 18, 19, 20, 21, 22, 23, 24, 25, 26, 27, 28, 29, 30, 31, 32, 33, 34, 35, 36, 37, 38, 39, 40, 41, 42, 43, 44, 45, 46, 47, 48, 49, 50, 51, 52, 53, 54, 55, 56, 57, 58, 59, 60, 61, 62, 63, 64, 65, 66, 67, 68, 69, 70, 71, 72, 73, 74, 75, 76, 77, 78, 79, 80, 81, 82, 83, 84, 85, 86, 87, 88, 89, 90, 91, 92, 93, 94, 95, 96, 97, 98, 99, 100, 101, 102, 103, 104, 105, 106, 107, 108, 109, 110, 111, 112, 113, 114, 115, 116, 117, 118, 119, 120, 121, 122, 123, 124, 125, 126, 127, 128, 129, 130, 131, 132, 133, 134, 135, 136, 137, 138, 139, 140, 141, 142, 143, 144, 145, 146, 147, 148, 149, 150, 151, 152, 153, 154, 155, 156, 157, 158, 159, 160, 161, 162, 163, 164, 165, 166, 167, 168, 169, 170, 171, 172, 173, 174, 175, 176, 177, 178, 179, 180, 181, 182, 183, 184, 185, 186, 187, 188, 189, 190, 191, 192, 193, 194, 195, 196, 197, 198, 199, 200, 201, 202, 203, 204, 205, 206, 207, 208, 209, 210, 211, 212, 213, 214, 215, 216, 217, 218, 219, 220, 221, 222, 223, 224, 225, 226, 227, 228, 229, 230, 231, 232, 233, 234, 235, 236, 237, 238, 239, 240, 241, 242, 243, 244, 245, 246, 247, 248, 249, 250, 251, 252, 253, 254, 255, 256, 257, 258, 259, 260, 261, 262, 263, 264, 265, 266, 267, 268, 269, 270, 271, 272, 273, 274, 275, 276, 277, 278, 279, 280, 281, 282, 283, 284, 285, 286, 287, 288, 289, 290, 291, 292, 293, 294, 295, 296, 297, 298, 299, 300, 301, 302, 303, 304, 305, 306, 307, 308], "y": [0.34784021973609924, 0.18994611501693726, 0.20607781410217285, 0.0022082943469285965, 0.9739462733268738, 0.19260641932487488, 0.047488342970609665, 0.9784439206123352, 0.6052887439727783, 0.0002819719084072858, 0.9481471180915833, 0.00041377608431503177, 0.0004682982398662716, 0.010460100136697292, 0.518686056137085, 0.9734176397323608, 0.0005817722412757576, 0.8165625333786011, 0.2799983322620392, 0.0006118712481111288, 0.0025320439599454403, 0.9080637693405151, 0.03675691410899162, 0.06064172089099884, 0.5966443419456482, 0.006692878436297178, 0.13221831619739532, 0.7844982147216797, 0.2826826572418213, 0.94500333070755, 0.5425258278846741, 0.5711688995361328, 0.8996159434318542, 0.21331003308296204, 0.0007142052054405212, 0.8928229808807373, 0.2500835955142975, 0.9800110459327698, 0.9891600608825684, 0.43120595812797546, 0.6351826786994934, 0.5701422095298767, 0.4727499485015869, 0.45296695828437805, 0.47240734100341797, 0.9423526525497437, 0.237324059009552, 0.8707178831100464, 0.33287084102630615, 0.8934096097946167, 0.357846200466156, 0.7785416841506958, 0.32786455750465393, 0.642007052898407, 0.9202714562416077, 0.0011288088280707598, 0.0036556858103722334, 0.44606107473373413, 0.7469158172607422, 0.9524723887443542, 0.987709641456604, 0.006324283313006163, 0.12603040039539337, 0.8221863508224487, 0.0063844108954072, 0.08849642425775528, 0.0018110803794115782, 0.4879758954048157, 0.9354391098022461, 0.07172125577926636, 0.3335896134376526, 0.0003827010514214635, 0.0025807295460253954, 0.33003637194633484, 0.8996561765670776, 0.10583001375198364, 0.0029920111410319805, 0.3984828591346741, 0.8198167085647583, 0.664864718914032, 0.20132340490818024, 0.000929724017623812, 0.49480944871902466, 0.33561721444129944, 0.8955705761909485, 0.578218936920166, 0.14855168759822845, 0.1962122768163681, 0.04504751041531563, 0.9882770776748657, 0.28229978680610657, 0.7854674458503723, 0.8212329149246216, 0.035120364278554916, 0.3724958598613739, 0.9225602746009827, 0.7299718856811523, 0.8573970198631287, 0.6304440498352051, 0.9196244478225708, 0.9759648442268372, 0.4576646685600281, 0.7870995998382568, 0.6706430912017822, 0.20526868104934692, 0.2189202457666397, 0.9867578148841858, 0.005889228545129299, 0.9797239899635315, 0.02769334986805916, 0.0009867907501757145, 0.9244270920753479, 0.3381660580635071, 0.7849451303482056, 0.3883855938911438, 0.23667563498020172, 0.7479284405708313, 0.0005884055863134563, 0.5651018023490906, 0.5060985088348389, 0.9740327000617981, 0.745542049407959, 0.6233196258544922, 0.554535984992981, 0.42884671688079834, 0.9298325777053833, 0.9002509117126465, 0.9065039157867432, 0.9935286045074463, 0.12301231920719147, 0.981439471244812, 0.2118064910173416, 0.3893709182739258, 0.7284142374992371, 0.6495997905731201, 0.46406152844429016, 0.6749820709228516, 0.8434840440750122, 0.9375802874565125, 0.986227810382843, 0.988853394985199, 0.18883445858955383, 0.8270375728607178, 0.5683621764183044, 0.6377348303794861, 0.97763991355896, 0.9481930136680603, 0.965104341506958, 0.9643057584762573, 0.4729323387145996, 0.9873611330986023, 0.017075417563319206, 0.030299793928861618, 0.9961133599281311, 0.8742902874946594, 0.8440216183662415, 0.6602240800857544, 0.4024413228034973, 0.9649893045425415, 0.9042903184890747, 0.9356368780136108, 0.1957733929157257, 0.9402257800102234, 0.00034346437314525247, 0.6129234433174133, 0.8521778583526611, 0.3846597969532013, 0.06625243276357651, 0.9968492984771729, 0.4486428201198578, 0.7230905294418335, 0.8679253458976746, 0.7160328030586243, 0.0037226423155516386, 0.15473254024982452, 0.874635636806488, 0.05131630599498749, 0.16327832639217377, 0.15240389108657837, 0.8521345257759094, 0.9718989729881287, 0.2506565451622009, 0.6499530673027039, 0.6102752685546875, 0.886278510093689, 0.3630799651145935, 0.06659134477376938, 0.1472635120153427, 0.13978518545627594, 0.21987685561180115, 0.41243356466293335, 0.3408421576023102, 0.4883536100387573, 0.32176655530929565, 0.8156738877296448, 0.17601574957370758, 0.6573774814605713, 0.17570362985134125, 0.010555368848145008, 0.7019248604774475, 0.28845107555389404, 0.22686828672885895, 0.5664727687835693, 0.35363417863845825, 0.7418472766876221, 0.7985315918922424, 0.8227404952049255, 0.9945580959320068, 0.9846027493476868, 0.06780333817005157, 0.1506384313106537, 0.5408247709274292, 0.7330341339111328, 0.5724796652793884, 0.7427079677581787, 0.45578062534332275, 0.5767365097999573, 0.7729986906051636, 0.9012203216552734, 0.7731214165687561, 0.11093904078006744, 0.19839096069335938, 0.5450476408004761, 0.6309545636177063, 0.8424437642097473, 0.5058854818344116, 0.3149842619895935, 0.9974891543388367, 0.8876457214355469, 0.8288803100585938, 0.9432244896888733, 0.27200987935066223, 0.737152099609375, 0.36890190839767456, 0.4521954655647278, 0.23797351121902466, 0.4289034307003021, 0.8809623718261719, 0.004206798505038023, 0.7034294009208679, 0.9241981506347656, 0.19499503076076508, 0.8955633640289307, 0.1939699351787567, 0.05946551263332367, 0.3578595817089081, 0.5143061280250549, 0.7374242544174194, 0.015954051166772842, 0.01419353298842907, 0.001613512053154409, 0.23861859738826752, 0.2991146743297577, 0.9578920006752014, 0.03208693116903305, 0.8802158832550049, 0.10001493990421295, 0.8101660013198853, 0.000521165959071368, 0.9396830201148987, 0.9920228719711304, 0.9046201705932617, 0.38246017694473267, 0.8572580218315125, 0.0028002324979752302, 0.961134672164917, 0.0030868160538375378, 0.9717263579368591, 0.6067792177200317, 0.9558395147323608, 0.8002298474311829, 0.0075834342278540134, 0.038466937839984894, 0.7979964017868042, 0.9701477289199829, 0.0051057408563792706, 0.8931852579116821, 0.6442974805831909, 0.567586362361908, 0.0007707122713327408, 0.0311078242957592, 0.6983750462532043, 0.9817034006118774, 0.9930008053779602, 0.966883659362793, 0.6395514607429504, 0.3361762464046478, 0.38802480697631836, 0.5595494508743286, 0.07760170102119446, 0.8190290927886963, 0.2894643247127533, 0.03203030675649643, 0.19876596331596375, 0.2156810611486435, 0.011598726734519005, 0.6262490153312683, 0.03682469204068184, 0.8984478116035461, 0.009516626596450806, 0.9269390106201172, 0.5188725590705872, 0.022936875000596046, 0.9404497742652893, 0.539949893951416, 0.9860967993736267, 0.2442961484193802, 0.9866393208503723, 0.9751274585723877]}