{"x": [0, 1, 2, 3, 4, 5, 6, 7, 8, 9, 10, 11, 12, 13, 14, 15, 16, 17, 18, 19, 20, 21, 22, 23, 24, 25, 26, 27, 28, 29, 30, 31, 32, 33, 34, 35, 36, 37, 38, 39, 40, 41, 42, 43, 44, 45, 46, 47, 48, 49, 50, 51, 52, 53, 54, 55, 56, 57, 58, 59, 60, 61, 62, 63, 64, 65, 66, 67, 68, 69, 70, 71, 72, 73, 74, 75, 76, 77, 78, 79, 80, 81, 82, 83, 84, 85, 86, 87, 88, 89, 90, 91, 92, 93, 94, 95, 96, 97, 98, 99, 100, 101, 102, 103, 104, 105, 106, 107, 108, 109, 110, 111, 112, 113, 114, 115, 116, 117, 118, 119, 120, 121, 122, 123, 124, 125, 126, 127, 128, 129, 130, 131, 132, 133], "y": [0.12621955573558807, 0.40301913022994995, 0.7381488680839539, 0.6535670161247253, 0.5324279069900513, 0.9468982219696045, 0.2745324671268463, 0.4488271176815033, 0.23906943202018738, 0.5393698811531067, 0.42584022879600525, 0.46542030572891235, 0.33464908599853516, 0.25501832365989685, 0.2808912396430969, 0.942915678024292, 0.45872530341148376, 0.5193009972572327, 0.27589675784111023, 0.30199185013771057, 0.4345213770866394, 0.48477277159690857, 0.2742534577846527, 0.29994651675224304, 0.6500865817070007, 0.49351927638053894, 0.09426827728748322, 0.4680013358592987, 0.3248971998691559, 0.697725772857666, 0.1726752668619156, 0.459316611289978, 0.4523542821407318, 0.3245090842247009, 0.33869296312332153, 0.2534165382385254, 0.0249928031116724, 0.23553656041622162, 0.8085666298866272, 0.9457306265830994, 0.265641450881958, 0.7655513882637024, 0.5027183890342712, 0.3153378367424011, 0.5539377331733704, 0.17074361443519592, 0.41212785243988037, 0.3399595320224762, 0.6849867701530457, 0.3601796627044678, 0.12629932165145874, 0.22137729823589325, 0.456635445356369, 0.5673329830169678, 0.32967492938041687, 0.5547923445701599, 0.6928735375404358, 0.16969382762908936, 0.18846918642520905, 0.27753108739852905, 0.10414271801710129, 0.3683921992778778, 0.5814223885536194, 0.1845395267009735, 0.7437890768051147, 0.5372300148010254, 0.38275259733200073, 0.6186696887016296, 0.47560927271842957, 0.07551755011081696, 0.45017337799072266, 0.5882058143615723, 0.34036409854888916, 0.09771457314491272, 0.4584358036518097, 0.5283330082893372, 0.5398574471473694, 0.3873838782310486, 0.6016724109649658, 0.45928215980529785, 0.2257969081401825, 0.9189078211784363, 0.6054190993309021, 0.3332787752151489, 0.2161877602338791, 0.6520076394081116, 0.36216604709625244, 0.565150260925293, 0.5199455618858337, 0.2174929827451706, 0.3417659103870392, 0.7906836271286011, 0.5987659692764282, 0.517544150352478, 0.7801733613014221, 0.6389648914337158, 0.4276888072490692, 0.6442875862121582, 0.7342217564582825, 0.6505548357963562, 0.15236367285251617, 0.8559184074401855, 0.19003641605377197, 0.26137617230415344, 0.4484805166721344, 0.16195198893547058, 0.27504169940948486, 0.2591036260128021, 0.24142642319202423, 0.32908737659454346, 0.19020922482013702, 0.007095645181834698, 0.6045297384262085, 0.22325673699378967, 0.17226237058639526, 0.1901107281446457, 0.7099229693412781, 0.7282045483589172, 0.9431877136230469, 0.9374631643295288, 0.5855698585510254, 0.23442168533802032, 0.16687682271003723, 0.3029915690422058, 0.5075840353965759, 0.13534773886203766, 0.5545568466186523, 0.36603543162345886, 0.20494882762432098, 0.3120732009410858, 0.20763732492923737, 0.2788093090057373, 0.12984958291053772, 0.032416656613349915]}