{"x": [0, 1, 2, 3, 4, 5, 6, 7, 8, 9, 10, 11, 12, 13, 14, 15, 16, 17, 18, 19, 20, 21, 22, 23, 24, 25, 26, 27, 28, 29, 30, 31, 32, 33, 34, 35, 36, 37, 38, 39, 40, 41, 42, 43, 44, 45, 46, 47, 48, 49, 50, 51, 52, 53, 54, 55, 56, 57, 58, 59, 60, 61, 62, 63, 64, 65, 66, 67, 68, 69, 70, 71, 72, 73, 74, 75, 76, 77, 78, 79, 80, 81, 82, 83, 84, 85, 86, 87, 88, 89, 90, 91, 92, 93, 94, 95, 96, 97, 98, 99, 100, 101, 102, 103, 104, 105, 106, 107, 108, 109, 110, 111, 112, 113, 114, 115, 116, 117, 118, 119, 120, 121, 122, 123, 124, 125, 126, 127, 128, 129, 130, 131, 132, 133], "y": [0.39505133032798767, 0.2683311998844147, 0.17960351705551147, 0.37820005416870117, 0.4446335434913635, 0.09981490671634674, 0.3506646156311035, 0.6263282299041748, 0.6789389252662659, 0.3226082921028137, 0.4103851616382599, 0.7213477492332458, 0.2586026191711426, 0.3698243498802185, 0.12330833822488785, 0.022570205852389336, 0.4255262017250061, 0.6300345063209534, 0.46408069133758545, 0.22306914627552032, 0.28636807203292847, 0.22655493021011353, 0.4631900191307068, 0.939264178276062, 0.7597112059593201, 0.5081424713134766, 0.5665490031242371, 0.683643639087677, 0.2349541187286377, 0.633815348148346, 0.8883817195892334, 0.718768298625946, 0.6127479672431946, 0.007539753802120686, 0.3699257969856262, 0.1939028650522232, 0.9144143462181091, 0.1364588737487793, 0.12648336589336395, 0.2321462333202362, 0.23065584897994995, 0.026172176003456116, 0.07091715931892395, 0.34215599298477173, 0.6717751026153564, 0.9659861326217651, 0.30486512184143066, 0.46740517020225525, 0.021805044263601303, 0.2931605279445648, 0.9361240863800049, 0.6229333281517029, 0.45553770661354065, 0.9422945976257324, 0.2823355793952942, 0.6058788895606995, 0.24965518712997437, 0.6438533663749695, 0.720504641532898, 0.12576577067375183, 0.979566752910614, 0.4562593102455139, 0.8811020851135254, 0.056128088384866714, 0.025715922936797142, 0.042654428631067276, 0.20116513967514038, 0.8019236922264099, 0.671196460723877, 0.7416532635688782, 0.7453470826148987, 0.6440731287002563, 0.5114482641220093, 0.8430758714675903, 0.3289448618888855, 0.31851163506507874, 0.3983839154243469, 0.30338191986083984, 0.9500036239624023, 0.06508888304233551, 0.09527413547039032, 0.3790476620197296, 0.43952682614326477, 0.3373505771160126, 0.9258384108543396, 0.12658385932445526, 0.1700807362794876, 0.022764386609196663, 0.17643636465072632, 0.8017696142196655, 0.9455437660217285, 0.603565514087677, 0.7134979963302612, 0.9437519907951355, 0.5134077072143555, 0.2822897732257843, 0.26506590843200684, 0.08160991221666336, 0.03265640139579773, 0.14376991987228394, 0.32305556535720825, 0.01668800786137581, 0.7480279803276062, 0.4711034297943115, 0.6907551884651184, 0.7946233153343201, 0.013582834973931313, 0.968214213848114, 0.30568036437034607, 0.08485143631696701, 0.01704757660627365, 0.31870216131210327, 0.6555328369140625, 0.467102587223053, 0.6362912058830261, 0.001342852832749486, 0.03310713917016983, 0.3676300346851349, 0.253601998090744, 0.198277547955513, 0.17122767865657806, 0.16042804718017578, 0.9465987086296082, 0.05243328958749771, 0.2723604738712311, 0.294780433177948, 0.38205522298812866, 0.46010416746139526, 0.27830246090888977, 0.6952874064445496, 0.6386157274246216, 0.8321965336799622, 0.8222826719284058, 0.4745543599128723]}