{"x": [0, 1, 2, 3, 4], "y": [0.0005512942443601787, 0.017573824152350426, 0.0024410991463810205, 0.9911876916885376, 0.19554492831230164]}