{"x": [0, 1, 2, 3, 4], "y": [0.09528470784425735, 0.1613057255744934, 0.11898050457239151, 0.4572452902793884, 0.4489353895187378]}