{"x": [0, 1, 2, 3, 4, 5, 6, 7, 8, 9, 10, 11, 12, 13, 14, 15, 16, 17, 18, 19, 20, 21, 22, 23, 24, 25, 26, 27, 28, 29, 30, 31, 32, 33, 34, 35, 36, 37, 38, 39, 40, 41, 42, 43, 44, 45, 46, 47, 48, 49, 50, 51, 52, 53, 54, 55, 56, 57, 58, 59, 60, 61, 62, 63, 64, 65, 66, 67, 68, 69, 70, 71, 72, 73, 74, 75, 76, 77, 78, 79, 80, 81, 82, 83, 84, 85, 86, 87, 88, 89, 90, 91, 92, 93, 94, 95, 96, 97, 98, 99, 100, 101, 102, 103, 104, 105, 106, 107, 108, 109, 110, 111, 112, 113, 114, 115, 116, 117, 118, 119, 120, 121, 122, 123, 124, 125, 126, 127, 128, 129, 130, 131, 132, 133], "y": [0.29704663157463074, 0.18144440650939941, 0.22169139981269836, 0.13333185017108917, 0.4352893531322479, 0.31425008177757263, 0.311257541179657, 0.28518328070640564, 0.28483495116233826, 0.19012834131717682, 0.18495596945285797, 0.43883615732192993, 0.2632382810115814, 0.22091393172740936, 0.27876004576683044, 0.25389397144317627, 0.35455042123794556, 0.23395147919654846, 0.17345690727233887, 0.25449591875076294, 0.5619238018989563, 0.2762240171432495, 0.11003367602825165, 0.5200173258781433, 0.41589993238449097, 0.5306800007820129, 0.3099013566970825, 0.49413132667541504, 0.2992663085460663, 0.49339526891708374, 0.34554705023765564, 0.45242080092430115, 0.4949209988117218, 0.03161661699414253, 0.34176182746887207, 0.34977707266807556, 0.0668306052684784, 0.2264421135187149, 0.3578573763370514, 0.4995005428791046, 0.21706406772136688, 0.2658712565898895, 0.14940030872821808, 0.2970507740974426, 0.48908451199531555, 0.4725325107574463, 0.37553951144218445, 0.1221764013171196, 0.27071765065193176, 0.37810367345809937, 0.38556188344955444, 0.3304218351840973, 0.6529091596603394, 0.5037115812301636, 0.15902680158615112, 0.27770036458969116, 0.3358747661113739, 0.34918397665023804, 0.4091227352619171, 0.2761470079421997, 0.43642812967300415, 0.345422625541687, 0.8239840865135193, 0.1710992157459259, 0.2840683162212372, 0.14136071503162384, 0.20561295747756958, 0.5667487978935242, 0.3666714131832123, 0.08507511764764786, 0.25264447927474976, 0.5032346248626709, 0.5608835220336914, 0.3700011968612671, 0.43461593985557556, 0.3265652656555176, 0.45772653818130493, 0.18623283505439758, 0.3678191304206848, 0.41152310371398926, 0.04523380845785141, 0.25179314613342285, 0.5142684578895569, 0.5475336313247681, 0.18637381494045258, 0.5118709206581116, 0.251727819442749, 0.16189558804035187, 0.23065225780010223, 0.15216057002544403, 0.5347726941108704, 0.342294842004776, 0.4133804142475128, 0.25263547897338867, 0.4717441499233246, 0.3040032386779785, 0.2595273554325104, 0.2686898410320282, 0.3004888892173767, 0.30231449007987976, 0.14339663088321686, 0.162649467587471, 0.33245769143104553, 0.3391821086406708, 0.2126559019088745, 0.24213767051696777, 0.11447997391223907, 0.2838554084300995, 0.27699270844459534, 0.11387354135513306, 0.37902191281318665, 0.49512019753456116, 0.15792742371559143, 0.06141878291964531, 0.15791800618171692, 0.003609816776588559, 0.2047564834356308, 0.5033355951309204, 0.21424110233783722, 0.5367379188537598, 0.46594998240470886, 0.3166279196739197, 0.22605684399604797, 0.1721978634595871, 0.3309013247489929, 0.22944019734859467, 0.5412999391555786, 0.17653150856494904, 0.14062556624412537, 0.14040379226207733, 0.28495943546295166, 0.3286745548248291, 0.3325589597225189, 0.24345901608467102]}