{"x": [0, 1, 2, 3, 4], "y": [0.2507209777832031, 0.35051438212394714, 0.6272698640823364, 0.7508987188339233, 0.8542625308036804]}