{"x": [0, 1, 2, 3, 4, 5, 6, 7, 8, 9, 10, 11, 12, 13, 14, 15, 16, 17, 18, 19, 20, 21, 22, 23, 24, 25, 26, 27, 28, 29, 30, 31, 32, 33, 34, 35, 36, 37, 38, 39, 40, 41, 42, 43, 44, 45, 46, 47, 48, 49, 50, 51, 52, 53, 54, 55, 56, 57, 58, 59, 60, 61, 62, 63, 64, 65, 66, 67, 68, 69, 70, 71, 72, 73, 74, 75, 76, 77, 78, 79, 80, 81, 82, 83, 84, 85, 86, 87, 88, 89, 90, 91, 92, 93, 94, 95, 96, 97, 98, 99, 100, 101, 102, 103, 104, 105, 106, 107, 108, 109, 110, 111, 112, 113, 114, 115, 116, 117, 118, 119, 120, 121, 122, 123, 124, 125, 126, 127, 128, 129, 130, 131, 132, 133], "y": [0.24786892533302307, 0.27101919054985046, 0.5438461303710938, 0.12304139137268066, 0.8849848508834839, 0.8183955550193787, 0.7145767211914062, 0.7625705003738403, 0.3823234736919403, 0.23101253807544708, 0.21902519464492798, 0.9039804339408875, 0.357390820980072, 0.35607412457466125, 0.26506099104881287, 0.632935643196106, 0.7991316318511963, 0.6182610392570496, 0.2709536850452423, 0.4532414972782135, 0.5675559043884277, 0.3386599123477936, 0.5225623250007629, 0.551688015460968, 0.8555029034614563, 0.8996680974960327, 0.2846843898296356, 0.4457552134990692, 0.4926789104938507, 0.9195660352706909, 0.08181401342153549, 0.3055824935436249, 0.4735991060733795, 0.8273141980171204, 0.9191851615905762, 0.7400528192520142, 0.0015097566647455096, 0.7716927528381348, 0.9605762362480164, 0.9523612856864929, 0.8402795791625977, 0.3943006098270416, 0.6085954308509827, 0.3731245994567871, 0.3628326654434204, 0.8474457263946533, 0.7065531611442566, 0.4944361746311188, 0.6724830865859985, 0.7775553464889526, 0.2416745275259018, 0.0882495641708374, 0.8191907405853271, 0.45708534121513367, 0.08414638787508011, 0.6128889322280884, 0.21608154475688934, 0.060987554490566254, 0.30056115984916687, 0.33583879470825195, 0.040970247238874435, 0.2865060865879059, 0.9253607392311096, 0.11845868080854416, 0.5302736759185791, 0.6191501617431641, 0.4987034797668457, 0.7240207195281982, 0.3875337541103363, 0.03308308869600296, 0.6287020444869995, 0.7192230820655823, 0.8224693536758423, 0.33367571234703064, 0.19488626718521118, 0.8261646628379822, 0.781025230884552, 0.48613590002059937, 0.919666051864624, 0.9376779794692993, 0.1799009144306183, 0.7224894762039185, 0.7166041731834412, 0.7985804080963135, 0.04179874062538147, 0.49574190378189087, 0.7898299694061279, 0.8219667077064514, 0.5810470581054688, 0.36152106523513794, 0.45350486040115356, 0.10549551993608475, 0.3721904456615448, 0.0656406357884407, 0.9712687730789185, 0.4247165620326996, 0.39503881335258484, 0.11717288941144943, 0.4090593159198761, 0.6016268134117126, 0.0785289853811264, 0.08951929956674576, 0.074287049472332, 0.05576029792428017, 0.11769303679466248, 0.6082002520561218, 0.8497375845909119, 0.30393651127815247, 0.39221909642219543, 0.11246399581432343, 0.7033731937408447, 0.03308016434311867, 0.4468287229537964, 0.5218382477760315, 0.4695920944213867, 0.01810767501592636, 0.7448360919952393, 0.7584307193756104, 0.561740517616272, 0.8678357601165771, 0.7779456973075867, 0.22601735591888428, 0.2505077123641968, 0.2803785502910614, 0.688317060470581, 0.08130644261837006, 0.7386364936828613, 0.5343503952026367, 0.7670443654060364, 0.20727260410785675, 0.23319661617279053, 0.4078141748905182, 0.06951046735048294, 0.045957185328006744]}