{"x": [0, 1, 2, 3, 4], "y": [0.017760509625077248, 0.2653074860572815, 0.04364047572016716, 0.5189745426177979, 0.25521689653396606]}