{"x": [0, 1, 2, 3, 4], "y": [0.17129456996917725, 0.266592413187027, 0.6694521307945251, 0.5553130507469177, 0.9384544491767883]}