{"x": [0, 1, 2, 3, 4, 5, 6, 7, 8, 9, 10, 11, 12, 13, 14, 15, 16, 17, 18, 19, 20, 21, 22, 23, 24, 25, 26, 27, 28, 29, 30, 31, 32, 33, 34, 35, 36, 37, 38, 39, 40, 41, 42, 43, 44, 45, 46, 47, 48, 49, 50, 51, 52, 53, 54, 55, 56, 57, 58, 59, 60, 61, 62, 63, 64, 65, 66, 67, 68, 69, 70, 71, 72, 73, 74, 75, 76, 77, 78, 79, 80, 81, 82, 83, 84, 85, 86, 87, 88, 89, 90, 91, 92, 93, 94, 95, 96, 97, 98, 99, 100, 101, 102, 103, 104, 105, 106, 107, 108, 109, 110, 111, 112, 113, 114, 115, 116, 117, 118, 119, 120, 121, 122, 123, 124, 125, 126, 127, 128, 129, 130, 131, 132, 133], "y": [0.08575949817895889, 0.011587975546717644, 0.003249695058912039, 0.9976507425308228, 0.24466606974601746, 0.010144642554223537, 0.23597317934036255, 0.09143396466970444, 0.06876248121261597, 0.01889953389763832, 0.18761809170246124, 0.2695818841457367, 0.022430172190070152, 0.8397397398948669, 0.8117932081222534, 0.0031601020600646734, 0.32961705327033997, 0.08059817552566528, 0.38871872425079346, 0.054467808455228806, 0.1144024133682251, 0.1830178052186966, 0.22391057014465332, 0.9142184853553772, 0.5954400300979614, 0.7563912272453308, 0.4331547021865845, 0.7380894422531128, 0.5767578482627869, 0.4132022261619568, 0.6195688247680664, 0.9268637299537659, 0.7751429677009583, 0.00033245256054215133, 0.3337532877922058, 0.1845705211162567, 0.8493663668632507, 0.09609215706586838, 0.01472888421267271, 0.05235549807548523, 0.17892321944236755, 0.007288691122084856, 0.06946220248937607, 0.22405807673931122, 0.14111262559890747, 0.024924203753471375, 0.1343984752893448, 0.16632170975208282, 0.03035762906074524, 0.8899803757667542, 0.5222204923629761, 0.47389113903045654, 0.34900566935539246, 0.17629767954349518, 0.0412231907248497, 0.3263389468193054, 0.004227824974805117, 0.9626006484031677, 0.27722859382629395, 0.17541539669036865, 0.9006761908531189, 0.11990883201360703, 0.1028924360871315, 0.00849787425249815, 0.008362906984984875, 0.011363477446138859, 0.024876967072486877, 0.8423412442207336, 0.23491781949996948, 0.2774367034435272, 0.27877381443977356, 0.15141507983207703, 0.13252916932106018, 0.23414191603660583, 0.030935797840356827, 0.024952735751867294, 0.19543364644050598, 0.13521932065486908, 0.5871649980545044, 0.031262245029211044, 0.23626616597175598, 0.5991950631141663, 0.04832873120903969, 0.2587513029575348, 0.09063120931386948, 0.12670820951461792, 0.10445363819599152, 0.0011702390620484948, 0.027473680675029755, 0.37107184529304504, 0.5063937306404114, 0.030643973499536514, 0.06181037425994873, 0.19964274764060974, 0.03818215802311897, 0.00615454837679863, 0.026591641828417778, 0.005866819992661476, 0.004863772075623274, 0.3078291118144989, 0.11087007075548172, 0.009805947542190552, 0.2061101794242859, 0.12778039276599884, 0.48330965638160706, 0.9111820459365845, 0.0398695282638073, 0.6478976011276245, 0.009711026214063168, 0.001715425169095397, 0.1351262778043747, 0.8761754035949707, 0.2189951241016388, 0.17492206394672394, 0.8642293214797974, 0.009552409872412682, 0.006310899741947651, 0.22867821156978607, 0.005235607270151377, 0.0256666112691164, 0.4013235867023468, 0.15524926781654358, 0.659944474697113, 0.007909349165856838, 0.12769494950771332, 0.10330455005168915, 0.20984670519828796, 0.22940273582935333, 0.3548375070095062, 0.15425880253314972, 0.5068349242210388, 0.2691938579082489, 0.8593612909317017, 0.783189594745636]}