{"x": [0, 1, 2, 3, 4, 5, 6, 7, 8, 9, 10, 11, 12, 13, 14, 15, 16, 17, 18, 19, 20, 21, 22, 23, 24, 25, 26, 27, 28, 29, 30, 31, 32, 33, 34, 35, 36, 37, 38, 39, 40, 41, 42, 43, 44, 45, 46, 47, 48, 49, 50, 51, 52, 53, 54, 55, 56, 57, 58, 59, 60, 61, 62, 63, 64, 65, 66, 67, 68, 69, 70, 71, 72, 73, 74, 75, 76, 77, 78, 79, 80, 81, 82, 83, 84, 85, 86, 87, 88, 89, 90, 91, 92, 93, 94, 95, 96, 97, 98, 99, 100, 101, 102, 103, 104, 105, 106, 107, 108, 109, 110, 111, 112, 113, 114, 115, 116, 117, 118, 119, 120, 121, 122, 123, 124, 125, 126, 127, 128, 129, 130, 131, 132, 133, 134, 135, 136, 137, 138, 139, 140, 141, 142, 143, 144, 145, 146, 147, 148, 149, 150, 151, 152, 153, 154, 155, 156, 157, 158, 159, 160, 161, 162, 163, 164, 165, 166, 167, 168, 169, 170, 171, 172, 173, 174, 175, 176, 177, 178, 179, 180, 181, 182, 183, 184, 185, 186, 187, 188, 189, 190, 191, 192, 193, 194, 195, 196, 197, 198, 199, 200, 201, 202, 203, 204, 205, 206, 207, 208, 209, 210, 211, 212, 213, 214, 215, 216, 217, 218, 219, 220, 221, 222, 223, 224, 225, 226, 227, 228, 229, 230, 231, 232, 233, 234, 235, 236, 237, 238, 239, 240, 241, 242, 243, 244, 245, 246, 247, 248, 249, 250, 251, 252, 253, 254, 255, 256, 257, 258, 259, 260, 261, 262, 263, 264, 265, 266, 267, 268, 269, 270, 271, 272, 273, 274, 275, 276, 277, 278, 279, 280, 281, 282, 283, 284, 285, 286, 287, 288, 289, 290, 291, 292, 293, 294, 295, 296, 297, 298, 299, 300, 301, 302, 303, 304, 305, 306, 307, 308, 309, 310, 311, 312, 313, 314, 315, 316, 317, 318, 319, 320, 321, 322, 323, 324, 325, 326, 327, 328, 329, 330, 331, 332, 333, 334, 335, 336, 337, 338, 339, 340, 341, 342, 343, 344, 345, 346, 347, 348, 349, 350, 351, 352, 353, 354, 355, 356, 357, 358, 359, 360, 361, 362, 363, 364, 365, 366, 367, 368, 369, 370, 371, 372, 373, 374, 375, 376, 377, 378, 379, 380, 381, 382, 383, 384, 385, 386, 387, 388, 389, 390, 391, 392, 393, 394, 395, 396, 397, 398], "y": [0.14077526330947876, 0.10172951221466064, 0.9727292060852051, 0.9774162173271179, 0.6615186929702759, 0.9807889461517334, 0.7014303803443909, 0.9333924651145935, 0.31689509749412537, 0.8685302138328552, 0.7005550265312195, 0.8210158348083496, 0.9002715349197388, 0.31511643528938293, 0.801295280456543, 0.09295958280563354, 0.6810224652290344, 0.2318509817123413, 0.5995358228683472, 0.8407244086265564, 0.9725135564804077, 0.010053141973912716, 0.6093448996543884, 0.9780420064926147, 0.8973257541656494, 0.9309902787208557, 0.8102763295173645, 0.6029815673828125, 0.11994902044534683, 0.8129570484161377, 0.6012787818908691, 0.31573405861854553, 0.7940974831581116, 0.830886721611023, 0.6571314930915833, 0.7637773156166077, 0.7587049007415771, 0.6738288998603821, 0.9833333492279053, 0.9602272510528564, 0.9777935743331909, 0.9263924360275269, 0.8811562061309814, 0.4737791419029236, 0.8860787749290466, 0.9150270819664001, 0.9520890712738037, 0.8052389025688171, 0.6152865290641785, 0.9712367057800293, 0.8155726790428162, 0.35219806432724, 0.9779654145240784, 0.4616098999977112, 0.7760310173034668, 0.9972986578941345, 0.9730113744735718, 0.8649711608886719, 0.004517737310379744, 0.05774674192070961, 0.4817230999469757, 0.7310797572135925, 0.9599282145500183, 0.9857678413391113, 0.8020495772361755, 0.9551427960395813, 0.9294346570968628, 0.24615047872066498, 0.9846546649932861, 0.95790696144104, 0.857502281665802, 0.0006742418045178056, 0.9087783098220825, 0.7154096364974976, 0.01400382537394762, 0.9792761206626892, 0.8099645376205444, 0.9949509501457214, 0.9471169710159302, 0.9955668449401855, 0.9225311279296875, 0.07650858163833618, 0.8713303208351135, 0.001119229244068265, 0.9956566691398621, 0.8663628697395325, 0.13505950570106506, 0.9779024124145508, 0.942959725856781, 0.9392364025115967, 0.9862544536590576, 0.9554400444030762, 0.7895551919937134, 0.3776301145553589, 0.8818960785865784, 0.9219029545783997, 0.9662216305732727, 0.9960936903953552, 0.9923585057258606, 0.9964320063591003, 0.9743618965148926, 0.9755194783210754, 0.2598850131034851, 0.08724936097860336, 0.004656824748963118, 0.7434619665145874, 0.9863938689231873, 0.996594250202179, 0.6622722744941711, 0.008322818204760551, 0.8938977122306824, 0.9840234518051147, 0.9827728271484375, 0.9812331199645996, 0.994030237197876, 0.8806250095367432, 0.8672335147857666, 0.9251410365104675, 0.8070047497749329, 0.44960930943489075, 0.5955343842506409, 0.009369714185595512, 0.9056413173675537, 0.9014866948127747, 0.8624934554100037, 0.5680139660835266, 0.75428706407547, 0.3658570945262909, 0.5502973198890686, 0.529577910900116, 0.6486204266548157, 0.3331136703491211, 0.03846520557999611, 0.5176217555999756, 0.6805761456489563, 0.32400017976760864, 0.4049866497516632, 0.9528706073760986, 0.0709262490272522, 0.012568684294819832, 0.6482760906219482, 0.9979682564735413, 0.18472328782081604, 0.4025115370750427, 0.6083248257637024, 0.9408146142959595, 0.00226631760597229, 0.37826967239379883, 0.9382508397102356, 0.9965614676475525, 0.9797247648239136, 0.5660605430603027, 0.9359221458435059, 0.47786641120910645, 0.0018961165333166718, 0.9251750111579895, 0.7949180006980896, 0.9712458252906799, 0.3012278974056244, 0.6838545799255371, 0.9940400123596191, 0.264115571975708, 0.5856863856315613, 0.9262173175811768, 0.9979667663574219, 0.651096761226654, 0.9061420559883118, 0.8051974773406982, 0.9459853172302246, 0.0070542325265705585, 0.7577677965164185, 0.0056748460046947, 0.694743812084198, 0.7517693042755127, 0.627885639667511, 0.3302192986011505, 0.8091999888420105, 0.661147952079773, 0.8213935494422913, 0.0024858959950506687, 0.004254322033375502, 0.0860544815659523, 0.8585609793663025, 0.9163324236869812, 0.23040896654129028, 0.004271416459232569, 0.4602380692958832, 0.6634793281555176, 0.9287126064300537, 0.9733495116233826, 0.976924479007721, 0.006232373882085085, 0.7707265615463257, 0.5201541185379028, 0.001947789452970028, 0.34251758456230164, 0.8024068474769592, 0.8610363602638245, 0.4390566945075989, 0.9929894804954529, 0.9876779913902283, 0.9650191068649292, 0.6624540090560913, 0.7481479048728943, 0.8119539618492126, 0.8905358910560608, 0.0073037161491811275, 0.28940099477767944, 0.7018792033195496, 0.6868476271629333, 0.7507368326187134, 0.5132022500038147, 0.07625415921211243, 0.7690200805664062, 0.8213744759559631, 0.9400082230567932, 0.4019363224506378, 0.9616155624389648, 0.9844644069671631, 0.9091246128082275, 0.9434980154037476, 0.9721097946166992, 0.8873724341392517, 0.9930295348167419, 0.9152068495750427, 0.5611112117767334, 0.0633932575583458, 0.9259425401687622, 0.00045335121103562415, 0.8287385106086731, 0.9919503331184387, 0.9423488974571228, 0.8920758962631226, 0.9088733196258545, 0.7942501902580261, 0.8690776228904724, 0.9534832239151001, 0.10699512809515, 0.16857987642288208, 0.9873759150505066, 0.1195315271615982, 0.09028470516204834, 0.09411915391683578, 0.008130003698170185, 0.9607059955596924, 0.769697368144989, 0.7605653405189514, 0.9887608289718628, 0.9762916564941406, 0.7542931437492371, 0.9916778802871704, 0.9302473068237305, 0.7472612261772156, 0.777646005153656, 0.936918318271637, 0.9381151795387268, 0.0022605459671467543, 0.03277703747153282, 0.05043470486998558, 0.0009590503759682178, 0.9635499119758606, 0.6820234656333923, 0.8485861420631409, 0.0002291690034326166, 0.9433175325393677, 0.07477091997861862, 0.9968053102493286, 0.4953373968601227, 0.7448570132255554, 0.9521719813346863, 0.33676454424858093, 0.12117430567741394, 0.8797512054443359, 0.7757171988487244, 0.7112379670143127, 0.9570180177688599, 0.004480552859604359, 0.10505561530590057, 0.7059862613677979, 0.9139185547828674, 0.09145975857973099, 0.02505369484424591, 0.9120977520942688, 0.5170859694480896, 0.14992299675941467, 0.4018600285053253, 0.16473694145679474, 0.18170176446437836, 0.9932429194450378, 0.890460729598999, 0.5476436018943787, 0.9787570834159851, 0.2392166554927826, 0.009649769403040409, 0.7298120856285095, 0.997698187828064, 0.9556833505630493, 0.4280744194984436, 0.000997306895442307, 0.01392379216849804, 0.17929448187351227, 