{"x": [0, 1, 2, 3, 4, 5, 6, 7, 8, 9, 10, 11, 12, 13, 14, 15, 16, 17, 18, 19, 20, 21, 22, 23, 24, 25, 26, 27, 28, 29, 30, 31, 32, 33, 34, 35, 36, 37, 38, 39, 40, 41, 42, 43, 44, 45, 46, 47, 48, 49, 50, 51, 52, 53, 54, 55, 56, 57, 58, 59, 60, 61, 62, 63, 64, 65, 66, 67, 68, 69, 70, 71, 72, 73, 74, 75, 76, 77, 78, 79, 80, 81, 82, 83, 84, 85, 86, 87, 88, 89, 90, 91, 92, 93, 94, 95, 96, 97, 98, 99, 100, 101, 102, 103, 104, 105, 106, 107, 108, 109, 110, 111, 112, 113, 114, 115, 116, 117, 118, 119, 120, 121, 122, 123, 124, 125, 126, 127, 128, 129, 130, 131, 132, 133, 134, 135, 136, 137, 138, 139, 140, 141, 142, 143, 144, 145, 146, 147, 148, 149, 150, 151, 152, 153, 154, 155, 156, 157, 158, 159, 160, 161, 162, 163, 164, 165, 166, 167, 168, 169, 170, 171, 172, 173, 174, 175, 176, 177, 178, 179, 180, 181, 182, 183, 184, 185, 186, 187, 188, 189, 190, 191, 192, 193, 194, 195, 196, 197, 198, 199, 200, 201, 202, 203, 204, 205, 206, 207, 208, 209, 210, 211, 212, 213, 214, 215, 216, 217, 218, 219, 220, 221, 222, 223, 224, 225, 226, 227, 228, 229, 230, 231, 232, 233, 234, 235, 236, 237, 238, 239, 240, 241, 242, 243, 244, 245, 246, 247, 248, 249, 250, 251, 252, 253, 254, 255, 256, 257, 258, 259, 260, 261, 262, 263, 264, 265, 266, 267, 268, 269, 270, 271, 272, 273, 274, 275, 276, 277, 278, 279, 280, 281, 282, 283, 284, 285, 286, 287, 288, 289, 290, 291, 292, 293, 294, 295, 296, 297, 298, 299, 300, 301, 302, 303, 304, 305, 306, 307, 308, 309, 310, 311, 312, 313, 314, 315, 316, 317, 318, 319, 320, 321, 322, 323, 324, 325, 326, 327, 328, 329, 330, 331, 332, 333, 334, 335, 336, 337, 338, 339, 340, 341, 342, 343, 344, 345, 346, 347, 348, 349, 350, 351, 352, 353, 354, 355, 356, 357, 358, 359, 360, 361, 362, 363, 364, 365, 366, 367, 368, 369, 370, 371, 372, 373, 374, 375, 376, 377, 378, 379, 380, 381, 382, 383, 384, 385, 386, 387, 388, 389, 390, 391, 392, 393, 394, 395, 396, 397, 398], "y": [0.9194352030754089, 0.924197256565094, 0.9064426422119141, 0.23039449751377106, 0.7520838975906372, 0.7259074449539185, 0.8275248408317566, 0.9261636137962341, 0.2617664933204651, 0.669941782951355, 0.6530234813690186, 0.9926013350486755, 0.7450113296508789, 0.9936217665672302, 0.8987134695053101, 0.9410417675971985, 0.9394595623016357, 0.7307811379432678, 0.9312485456466675, 0.9735859036445618, 0.3481888771057129, 0.8543276190757751, 0.8894620537757874, 0.04927312955260277, 0.12950851023197174, 0.33942678570747375, 0.7780417799949646, 0.6082906126976013, 0.8277720212936401, 0.9804849028587341, 0.9860931634902954, 0.86323481798172, 0.9009044766426086, 0.9758175611495972, 0.9744923710823059, 0.03446829319000244, 0.3477340638637543, 0.046445224434137344, 0.3210071623325348, 0.7052093744277954, 0.8935844302177429, 0.022969091311097145, 0.17735536396503448, 0.7780627608299255, 0.9121092557907104, 0.15828566253185272, 0.5442469120025635, 0.9824848771095276, 0.5683269500732422, 0.9683849811553955, 0.7547889947891235, 0.994271993637085, 0.9323863387107849, 0.9858670234680176, 0.9862790107727051, 0.9912341237068176, 0.5126693844795227, 0.8087819218635559, 0.989128589630127, 0.9986477494239807, 0.9677757024765015, 0.9941515922546387, 0.7445263862609863, 0.9873307943344116, 0.7664381861686707, 0.040555715560913086, 0.9864529967308044, 0.9982192516326904, 0.9767434597015381, 0.8972899317741394, 0.43105611205101013, 0.994091272354126, 0.9946193099021912, 0.8971179127693176, 0.9986298084259033, 0.9960148334503174, 0.9965000152587891, 0.015614936128258705, 0.4246315658092499, 0.8581860065460205, 0.0854063481092453, 0.9693823456764221, 0.9895282983779907, 0.9851447939872742, 0.9918829202651978, 0.30048513412475586, 0.9952142834663391, 0.004604699090123177, 0.9990096688270569, 0.9595349431037903, 0.02730547823011875, 0.0030383572448045015, 0.802729606628418, 0.6926333904266357, 0.6143828630447388, 0.7510175704956055, 0.7303547263145447, 0.03254406899213791, 0.9777013063430786, 0.1479899287223816, 0.06096107140183449, 0.08562180399894714, 0.869277834892273, 0.062156885862350464, 0.2852570712566376, 0.9618284702301025, 0.5668519735336304, 0.05086275190114975, 0.8955456018447876, 0.9410715103149414, 0.8276083469390869, 0.9056829214096069, 0.008769218809902668, 0.13104130327701569, 0.9953445196151733, 0.09316135942935944, 0.9113156795501709, 0.5976387858390808, 0.8607105612754822, 0.7432898879051208, 0.9971680045127869, 0.990778923034668, 0.041855499148368835, 0.41689661145210266, 0.5461085438728333, 0.9945422410964966, 0.9968711733818054, 0.9915611743927002, 0.6892135143280029, 0.9141583442687988, 0.4476936459541321, 0.9950919151306152, 0.9925457239151001, 0.9942233562469482, 0.9989039897918701, 0.9911237359046936, 0.9135466814041138, 0.9838924407958984, 0.9937137365341187, 0.9908167719841003, 0.9507080912590027, 0.02875412628054619, 0.9946582317352295, 0.9857442378997803, 0.997255802154541, 0.994553804397583, 0.30797141790390015, 0.9631613492965698, 0.7955321073532104, 0.9507054686546326, 0.9841870665550232, 0.9604321718215942, 0.7675890922546387, 0.9801168441772461, 0.9953291416168213, 0.996180534362793, 0.9977709650993347, 0.7342000007629395, 0.9159581661224365, 0.9819495677947998, 0.8375843167304993, 0.9603889584541321, 0.9826422333717346, 0.584265947341919, 0.5269052386283875, 0.9529572129249573, 0.7689871191978455, 0.8353847861289978, 0.6946512460708618, 0.9786533713340759, 0.9941601157188416, 0.9767150282859802, 0.9987786412239075, 0.2950466573238373, 0.8701032996177673, 0.9974474310874939, 0.9692401885986328, 0.9779180884361267, 0.9419192671775818, 0.9973117709159851, 0.9943408966064453, 0.9592803716659546, 0.9897816777229309, 0.9903159737586975, 0.9753063321113586, 0.9892297387123108, 0.9966982007026672, 0.984713613986969, 0.37022143602371216, 0.24786017835140228, 0.06519080698490143, 0.9886500239372253, 0.7728491425514221, 0.9986463785171509, 0.9974450469017029, 0.612204372882843, 0.9946173429489136, 0.2416626662015915, 0.48466941714286804, 0.34241610765457153, 0.9500657320022583, 0.8131553530693054, 0.9460060000419617, 0.975339412689209, 0.9974014163017273, 0.5245010852813721, 0.858228325843811, 0.6328555941581726, 0.737069308757782, 0.9174752831459045, 0.9973343014717102, 0.9989195466041565, 0.9720826148986816, 0.6428844928741455, 0.9858673214912415, 0.02680370584130287, 0.9900614619255066, 0.7627057433128357, 0.9848668575286865, 0.9739177823066711, 0.47774916887283325, 0.9873117208480835, 0.1052161455154419, 0.6678247451782227, 0.031316377222537994, 0.9796226024627686, 0.6731816530227661, 0.9987420439720154, 0.9477939009666443, 0.49534866213798523, 0.10796200484037399, 0.8114662766456604, 0.9889369606971741, 0.92720627784729, 0.9845309853553772, 0.46074098348617554, 0.9650360941886902, 0.9970248341560364, 0.828593909740448, 0.3110183775424957, 0.901406466960907, 0.9817990660667419, 0.9649107456207275, 0.9860811829566956, 0.8420765399932861, 0.9977329969406128, 0.8609509468078613, 0.8057617545127869, 0.9950196743011475, 0.990080714225769, 0.00279124709777534, 0.976431667804718, 0.9885104298591614, 0.9640670418739319, 0.9375850558280945, 0.9727323055267334, 0.8482510447502136, 0.7307693958282471, 0.827197790145874, 0.955146849155426, 0.549911618232727, 0.6169033646583557, 0.6534322500228882, 0.9936977028846741, 0.9604502320289612, 0.7630879282951355, 0.11693777143955231, 0.9932650327682495, 0.9858798980712891, 0.01593916490674019, 0.41541868448257446, 0.9981477856636047, 0.9989059567451477, 0.23515921831130981, 0.7439773678779602, 0.05549420788884163, 0.984849750995636, 0.8240577578544617, 0.27684229612350464, 0.0605601891875267, 0.8086360692977905, 0.8738333582878113, 0.9969774484634399, 0.960091769695282, 0.6319567561149597, 0.979000449180603, 0.8754206299781799, 0.8774763941764832, 0.9752948880195618, 0.8039864897727966, 0.6267916560173035, 0.8615421652793884, 0.34287670254707336, 0.9514172077178955, 0.9796209931373596, 0.013875157572329044, 0.9712409973144531, 0.8559984564781189, 0.8804454803466797, 0.9987576007843018, 0.9217995405197144, 0.9272609949111938, 0.9956682324409485, 