{"x": [0, 1, 2, 3, 4, 5, 6, 7, 8, 9, 10, 11, 12, 13, 14, 15, 16, 17, 18, 19, 20, 21, 22, 23, 24, 25, 26, 27, 28, 29, 30, 31, 32, 33, 34, 35, 36, 37, 38, 39, 40, 41, 42, 43, 44, 45, 46, 47, 48, 49, 50, 51, 52, 53, 54, 55, 56, 57, 58, 59, 60, 61, 62, 63, 64, 65, 66, 67, 68, 69, 70, 71, 72, 73, 74, 75, 76, 77, 78, 79, 80, 81, 82, 83, 84, 85, 86, 87, 88, 89, 90, 91, 92, 93, 94, 95, 96, 97, 98, 99, 100, 101, 102, 103, 104, 105, 106, 107, 108, 109, 110, 111, 112, 113, 114, 115, 116, 117, 118, 119, 120, 121, 122, 123, 124, 125, 126, 127, 128, 129, 130, 131, 132, 133, 134, 135, 136, 137, 138, 139, 140, 141, 142, 143, 144, 145, 146, 147, 148, 149, 150, 151, 152, 153, 154, 155, 156, 157, 158, 159, 160, 161, 162, 163, 164, 165, 166, 167, 168, 169, 170, 171, 172, 173, 174, 175, 176, 177, 178, 179, 180, 181, 182, 183, 184, 185, 186, 187, 188, 189, 190, 191, 192, 193, 194, 195, 196, 197, 198, 199, 200, 201, 202, 203, 204, 205, 206, 207, 208, 209, 210, 211, 212, 213, 214, 215, 216, 217, 218, 219, 220, 221, 222, 223, 224, 225, 226, 227, 228, 229, 230, 231, 232, 233, 234, 235, 236, 237, 238, 239, 240, 241, 242, 243, 244, 245, 246, 247, 248, 249, 250, 251, 252, 253, 254, 255, 256, 257, 258, 259, 260, 261, 262, 263, 264, 265, 266, 267, 268, 269, 270, 271, 272, 273, 274, 275, 276, 277, 278, 279, 280, 281, 282, 283, 284, 285, 286, 287, 288, 289, 290, 291, 292, 293, 294, 295, 296, 297, 298, 299, 300, 301, 302, 303, 304, 305, 306, 307, 308, 309, 310, 311, 312, 313, 314, 315, 316, 317, 318, 319, 320, 321, 322, 323, 324, 325, 326, 327, 328, 329, 330, 331, 332, 333, 334, 335, 336, 337, 338, 339, 340, 341, 342, 343, 344, 345, 346, 347, 348, 349, 350, 351, 352, 353, 354, 355, 356, 357, 358, 359, 360, 361, 362, 363, 364, 365, 366, 367, 368, 369, 370, 371, 372, 373, 374, 375, 376, 377, 378, 379, 380, 381, 382, 383, 384, 385, 386, 387, 388, 389, 390, 391, 392, 393, 394, 395, 396, 397, 398], "y": [0.06964538246393204, 0.41698306798934937, 0.9851171970367432, 0.8023772835731506, 0.9925243854522705, 0.9808993935585022, 0.9755042791366577, 0.957891583442688, 0.2541584372520447, 0.11493328213691711, 0.9664459824562073, 0.8578338623046875, 0.9761030077934265, 0.9086088538169861, 0.8625609278678894, 0.5663467049598694, 0.43242084980010986, 0.2766311764717102, 0.9849605560302734, 0.9045587182044983, 0.9943780303001404, 0.29570189118385315, 0.8958266377449036, 0.9774947762489319, 0.84171062707901, 0.7409579157829285, 0.89055335521698, 0.25478604435920715, 0.3293769657611847, 0.9516832232475281, 0.9913396239280701, 0.877114474773407, 0.43922528624534607, 0.6749795079231262, 0.9351275563240051, 0.8961859345436096, 0.8724277019500732, 0.5427769422531128, 0.8247233629226685, 0.8981351852416992, 0.9925951361656189, 0.8266168236732483, 0.15570490062236786, 0.7177371978759766, 0.9951872825622559, 0.9496240019798279, 0.5599826574325562, 0.8467831015586853, 0.9749087691307068, 0.9923207759857178, 0.9426335096359253, 0.9286634922027588, 0.3137993812561035, 0.6354527473449707, 0.9555232524871826, 0.9960260391235352, 0.9075073599815369, 0.9446981549263, 0.9306995272636414, 0.5758919715881348, 0.8619036674499512, 0.9221269488334656, 0.9756326675415039, 0.7530727386474609, 0.991456925868988, 0.9036225080490112, 0.660075843334198, 0.908852756023407, 0.9766725897789001, 0.9352432489395142, 0.9147131443023682, 0.036664750427007675, 0.8386808633804321, 0.781923770904541, 0.5539783239364624, 0.9886663556098938, 0.9599827527999878, 0.9196162819862366, 0.9892986416816711, 0.9869968891143799, 0.7040990591049194, 0.7294185757637024, 0.9537929892539978, 0.0026116513181477785, 0.9867758750915527, 0.9523206949234009, 0.35958489775657654, 0.8777858018875122, 0.9945158958435059, 0.9630731344223022, 0.9457364678382874, 0.9541620016098022, 0.9341719746589661, 0.5439837574958801, 0.9740258455276489, 0.8599212765693665, 0.9634707570075989, 0.9691362977027893, 0.9856978058815002, 0.9755555987358093, 0.9803206920623779, 0.7335324287414551, 0.46527305245399475, 0.7402483224868774, 0.19912189245224, 0.8946478366851807, 0.6744436621665955, 0.9968277215957642, 0.7710800170898438, 0.07172766327857971, 0.9912537932395935, 0.9496186375617981, 0.9280319809913635, 0.9571695923805237, 0.9347137808799744, 0.6681913733482361, 0.6265273690223694, 0.7934759259223938, 0.9417636394500732, 0.33511409163475037, 0.8969707489013672, 0.21894571185112, 0.8303399682044983, 0.8330670595169067, 0.7874665856361389, 0.9910640120506287, 0.9918795824050903, 0.36408713459968567, 0.8365615010261536, 0.9918198585510254, 0.9660928845405579, 0.43288078904151917, 0.2590272128582001, 0.7194320559501648, 0.6200539469718933, 0.9372531175613403, 0.5331498980522156, 0.9885907769203186, 0.09085814654827118, 0.2960202991962433, 0.8613872528076172, 0.9951713681221008, 0.543177604675293, 0.5726892352104187, 0.8757813572883606, 0.9696487784385681, 0.1064683347940445, 0.7052350640296936, 0.8752569556236267, 0.9649515151977539, 0.9971521496772766, 0.5029210448265076, 0.9147367477416992, 0.7687674760818481, 0.12622177600860596, 0.978727400302887, 0.9261579513549805, 0.9795502424240112, 0.35711491107940674, 0.7637816667556763, 0.8491131663322449, 0.5047864317893982, 0.8655906915664673, 0.9828776717185974, 0.94219571352005, 0.0357762947678566, 0.8378769755363464, 0.8423737287521362, 0.9548116326332092, 0.5090858340263367, 0.577267587184906, 0.009826399385929108, 0.9363656640052795, 0.7894999980926514, 0.797361433506012, 0.5734081268310547, 0.847298264503479, 0.9362184405326843, 0.9559673070907593, 0.014280048198997974, 0.1406065672636032, 0.10075569152832031, 0.8948974609375, 0.7694525122642517, 0.8482227921485901, 0.12451130151748657, 0.8374835848808289, 0.6308159828186035, 0.9534879922866821, 0.9877971410751343, 0.7974122166633606, 0.5199217796325684, 0.6896288990974426, 0.9252581000328064, 0.9836682081222534, 0.6711328029632568, 0.6764407753944397, 0.4891071319580078, 0.3579431176185608, 0.9914848804473877, 0.9812895059585571, 0.3326498866081238, 0.9727863669395447, 0.7647731900215149, 0.8398709297180176, 0.7443946003913879, 0.021266980096697807, 0.9305590391159058, 0.7156364917755127, 0.6606864333152771, 0.7878298759460449, 0.8613396286964417, 0.5012595057487488, 0.7308762669563293, 0.9755984544754028, 0.9889512062072754, 0.9231977462768555, 0.5658609867095947, 0.8965700268745422, 0.9902986884117126, 0.7772442698478699, 0.896177351474762, 0.8960199952125549, 0.9853082895278931, 0.9961932301521301, 0.8419273495674133, 0.17188340425491333, 0.9697408080101013, 0.7041635513305664, 0.9562604427337646, 0.1294715851545334, 0.9169387817382812, 0.8796404004096985, 0.7498101592063904, 0.9634745121002197, 0.9905815124511719, 0.9826754927635193, 0.8391791582107544, 0.6426605582237244, 0.742500364780426, 0.3866081237792969, 0.5376242995262146, 0.777381420135498, 0.0206480473279953, 0.9168378114700317, 0.8458120822906494, 0.9762395620346069, 0.9933785200119019, 0.9809280037879944, 0.928305447101593, 0.6999574303627014, 0.9331820607185364, 0.9092164039611816, 0.8694465160369873, 0.9904518723487854, 0.9536290168762207, 0.5007168650627136, 0.6768474578857422, 0.24053385853767395, 0.03276245668530464, 0.9934870004653931, 0.6382030844688416, 0.9172024726867676, 0.0025465136859565973, 0.729464054107666, 0.15099547803401947, 0.9638953804969788, 0.6635085344314575, 0.9629438519477844, 0.8698790073394775, 0.7731719017028809, 0.8656347393989563, 0.7213289737701416, 0.5941295623779297, 0.8168376684188843, 0.7152934074401855, 0.3354434669017792, 0.6693198680877686, 0.6344241499900818, 0.9282585382461548, 0.7832609415054321, 0.6649526357650757, 0.907202959060669, 0.8831201195716858, 0.5626236796379089, 0.5880576372146606, 0.1602424830198288, 0.5981441736221313, 0.9574735760688782, 0.7482858300209045, 0.008334063924849033, 0.9883532524108887, 0.4889276325702667, 0.2958177328109741, 0.9259065389633179, 0.8473407030105591, 0.9550012350082397, 0.7684850692749023, 0.0009936047717928886, 0.1091911569237709, 0.965624213218689, 0.8969204425811768, 0.7007788419723511, 0.8322919011116028, 