{"x": [0, 1, 2, 3, 4, 5, 6, 7, 8, 9, 10, 11, 12, 13, 14, 15, 16, 17, 18, 19, 20, 21, 22, 23, 24, 25, 26, 27, 28, 29, 30, 31, 32, 33, 34, 35, 36, 37, 38, 39, 40, 41, 42, 43, 44, 45, 46, 47, 48, 49, 50, 51, 52, 53, 54, 55, 56, 57, 58, 59, 60, 61, 62, 63, 64, 65, 66, 67, 68, 69, 70, 71, 72, 73, 74, 75, 76, 77, 78, 79, 80, 81, 82, 83, 84, 85, 86, 87, 88, 89, 90, 91, 92, 93, 94, 95, 96, 97, 98, 99, 100, 101, 102, 103, 104, 105, 106, 107, 108, 109, 110, 111, 112, 113, 114, 115, 116, 117, 118, 119, 120, 121, 122, 123, 124, 125, 126, 127, 128, 129, 130, 131, 132, 133, 134, 135, 136, 137, 138, 139, 140, 141, 142, 143, 144, 145, 146, 147, 148, 149, 150, 151, 152, 153, 154, 155, 156, 157, 158, 159, 160, 161, 162, 163, 164, 165, 166, 167, 168, 169, 170, 171, 172, 173, 174, 175, 176, 177, 178, 179, 180, 181, 182, 183, 184, 185, 186, 187, 188, 189, 190, 191, 192, 193, 194, 195, 196, 197, 198, 199, 200, 201, 202, 203, 204, 205, 206, 207, 208, 209, 210, 211, 212, 213, 214, 215, 216, 217, 218, 219, 220, 221, 222, 223, 224, 225, 226, 227, 228, 229, 230, 231, 232, 233, 234, 235, 236, 237, 238, 239, 240, 241, 242, 243, 244, 245, 246, 247, 248, 249, 250, 251, 252, 253, 254, 255, 256, 257, 258, 259, 260, 261, 262, 263, 264, 265, 266, 267, 268, 269, 270, 271, 272, 273, 274, 275, 276, 277, 278, 279, 280, 281, 282, 283, 284, 285, 286, 287, 288, 289, 290, 291, 292, 293, 294, 295, 296, 297, 298, 299, 300, 301, 302, 303, 304, 305, 306, 307, 308, 309, 310, 311, 312, 313, 314, 315, 316, 317, 318, 319, 320, 321, 322, 323, 324, 325, 326, 327, 328, 329, 330, 331, 332, 333, 334, 335, 336, 337, 338, 339, 340, 341, 342, 343, 344, 345, 346, 347, 348, 349, 350, 351, 352, 353, 354, 355, 356, 357, 358, 359, 360, 361, 362, 363, 364, 365, 366, 367, 368, 369, 370, 371, 372, 373, 374, 375, 376, 377, 378, 379, 380, 381, 382, 383, 384, 385, 386, 387, 388, 389, 390, 391, 392, 393, 394, 395, 396, 397, 398], "y": [0.993456244468689, 0.99064040184021, 0.9250611066818237, 0.6506835222244263, 0.9089663028717041, 0.96620774269104, 0.9783393144607544, 0.8032886385917664, 0.3015516996383667, 0.8920553922653198, 0.4386923313140869, 0.8272525668144226, 0.7457762360572815, 0.9957091808319092, 0.9639288783073425, 0.9927533864974976, 0.989560067653656, 0.993983268737793, 0.9884286522865295, 0.9671841859817505, 0.7933520078659058, 0.9816869497299194, 0.5652748346328735, 0.49293920397758484, 0.28648316860198975, 0.34394195675849915, 0.44457998871803284, 0.9920693635940552, 0.9847866296768188, 0.8697963356971741, 0.9882302284240723, 0.8793588876724243, 0.8708530068397522, 0.9251525402069092, 0.9500399827957153, 0.014570522122085094, 0.6662635803222656, 0.31747257709503174, 0.16544686257839203, 0.7280798554420471, 0.9415353536605835, 0.06308383494615555, 0.726290225982666, 0.8579280972480774, 0.9682306051254272, 0.5282931923866272, 0.7532410025596619, 0.9609947800636292, 0.9086862206459045, 0.8892071843147278, 0.9165841937065125, 0.884514570236206, 0.9621267318725586, 0.8516513109207153, 0.9877241253852844, 0.9861916899681091, 0.7890873551368713, 0.9969004392623901, 0.976859450340271, 0.9973424077033997, 0.9900714755058289, 0.9758355021476746, 0.8508052229881287, 0.9180571436882019, 0.7693036198616028, 0.015534697100520134, 0.9946489930152893, 0.9943952560424805, 0.9650288820266724, 0.9643539786338806, 0.28875839710235596, 0.9587871432304382, 0.7969188094139099, 0.7187723517417908, 0.9058911800384521, 0.7967904806137085, 0.9403696060180664, 0.019548851996660233, 0.6652439832687378, 0.8979395627975464, 0.4514113962650299, 0.8569362759590149, 0.8129542469978333, 0.9801520705223083, 0.6416032910346985, 0.28287702798843384, 0.9772239327430725, 0.00549614941701293, 0.9869886636734009, 0.5388619899749756, 0.0008283890201710165, 0.023913662880659103, 0.3290766179561615, 0.8416190147399902, 0.8513806462287903, 0.7089587450027466, 0.16765788197517395, 0.00042165658669546247, 0.5632122755050659, 0.09944523125886917, 0.07407095283269882, 0.3633496165275574, 0.9192917943000793, 0.6805787682533264, 0.9036163091659546, 0.9077666401863098, 0.6893346309661865, 0.008953090757131577, 0.8817579746246338, 0.9968557357788086, 0.9570474624633789, 0.8062239289283752, 0.8641617894172668, 0.2603529989719391, 0.12033823132514954, 0.002824855037033558, 0.4417048394680023, 0.8403667211532593, 0.8585091829299927, 0.990057647228241, 0.9863060712814331, 0.9944215416908264, 0.3234213590621948, 0.23557248711585999, 0.49725341796875, 0.9710150957107544, 0.9595140218734741, 0.9974381923675537, 0.9457496404647827, 0.9972315430641174, 0.9635830521583557, 0.9778185486793518, 0.883537232875824, 0.9937483668327332, 0.9943579435348511, 0.9779306054115295, 0.9702979922294617, 0.8749721050262451, 0.9973937273025513, 0.9910433888435364, 0.9466138482093811, 0.05355102941393852, 0.9952799677848816, 0.9816264510154724, 0.984331488609314, 0.9638670086860657, 0.9815731644630432, 0.889346718788147, 0.7939627766609192, 0.9034086465835571, 0.953496515750885, 0.7701916098594666, 0.1846727728843689, 0.977756917476654, 0.9429040551185608, 0.9706018567085266, 0.9852285981178284, 0.9712227582931519, 0.850505530834198, 0.8823095560073853, 0.8619678020477295, 0.9761341214179993, 0.9442294836044312, 0.533062756061554, 0.2488887757062912, 0.9718912243843079, 0.9797617197036743, 0.1270521730184555, 0.7133539319038391, 0.9688997268676758, 0.9962105751037598, 0.7119873762130737, 0.9710237979888916, 0.4156425893306732, 0.8102521300315857, 0.9834694862365723, 0.9584289193153381, 0.9504247307777405, 0.9755092263221741, 0.9646194577217102, 0.9887067675590515, 0.994151771068573, 0.9825307726860046, 0.9986628890037537, 0.9985584020614624, 0.9805189967155457, 0.801608681678772, 0.8754703402519226, 0.061286140233278275, 0.22362704575061798, 0.03259281441569328, 0.9877254962921143, 0.9809088706970215, 0.9600620269775391, 0.9977243542671204, 0.22213336825370789, 0.9954904913902283, 0.1957879364490509, 0.5675199627876282, 0.8816261291503906, 0.9798703789710999, 0.9149185419082642, 0.8992320895195007, 0.8167705535888672, 0.9475005865097046, 0.3438703119754791, 0.9830223917961121, 0.9461266994476318, 0.8809879422187805, 0.9738531112670898, 0.9800437688827515, 0.9931705594062805, 0.9978817701339722, 0.8467001914978027, 0.9746730327606201, 0.00038905374822206795, 0.9122247099876404, 0.8633683323860168, 0.3425728380680084, 0.9865296483039856, 0.9671645164489746, 0.2954244017601013, 0.15133681893348694, 0.18634997308254242, 0.48585230112075806, 0.9251659512519836, 0.5473136901855469, 0.9756110906600952, 0.9784244298934937, 0.7514805793762207, 0.9064503908157349, 0.9929980039596558, 0.9371596574783325, 0.9103341102600098, 0.8901098370552063, 0.03531547263264656, 0.9275438189506531, 0.9790090918540955, 0.9957396984100342, 0.5617961287498474, 0.9341366291046143, 0.5082243084907532, 0.9887226223945618, 0.8924436569213867, 0.943223774433136, 0.9578479528427124, 0.9435072541236877, 0.7918833494186401, 0.9884400367736816, 0.894623339176178, 0.25594720244407654, 0.9269163012504578, 0.936634361743927, 0.9347390532493591, 0.9665303230285645, 0.928827166557312, 0.9938955903053284, 0.9355175495147705, 0.8603343963623047, 0.9924091696739197, 0.9380702972412109, 0.8354301452636719, 0.9561161398887634, 0.9972951412200928, 0.9980443716049194, 0.9805949926376343, 0.019388625398278236, 0.9918946623802185, 0.9485750198364258, 0.8390434384346008, 0.6893718242645264, 0.9826086163520813, 0.9960181713104248, 0.5086793899536133, 0.8972829580307007, 0.005484930705279112, 0.9885851740837097, 0.9963006973266602, 0.9457442164421082, 0.47853416204452515, 0.9087117910385132, 0.9923933148384094, 0.5622684955596924, 0.734360933303833, 0.9836103916168213, 0.9590469002723694, 0.9982763528823853, 0.9626888036727905, 0.4754694402217865, 0.6485748887062073, 0.6890195608139038, 0.7491803169250488, 0.8987506628036499, 0.9246869683265686, 0.965011477470398, 0.5109070539474487, 0.06064922735095024, 0.9554882049560547, 0.987587034702301, 0.9791134595870972, 0.9748231768608093, 0.9633764028549194, 0.9870210289955139, 