{"x": [0, 1, 2, 3, 4, 5, 6, 7, 8, 9, 10, 11, 12, 13, 14, 15, 16, 17, 18, 19, 20, 21, 22, 23, 24, 25, 26, 27, 28, 29, 30, 31, 32, 33, 34, 35, 36, 37, 38, 39, 40, 41, 42, 43, 44, 45, 46, 47, 48, 49, 50, 51, 52, 53, 54, 55, 56, 57, 58, 59, 60, 61, 62, 63, 64, 65, 66, 67, 68, 69, 70, 71, 72, 73, 74, 75, 76, 77, 78, 79, 80, 81, 82, 83, 84, 85, 86, 87, 88, 89, 90, 91, 92, 93, 94, 95, 96, 97, 98, 99, 100, 101, 102, 103, 104, 105, 106, 107, 108, 109, 110, 111, 112, 113, 114, 115, 116, 117, 118, 119, 120, 121, 122, 123, 124, 125, 126, 127, 128, 129, 130, 131, 132, 133, 134, 135, 136, 137, 138, 139, 140, 141, 142, 143, 144, 145, 146, 147, 148, 149, 150, 151, 152, 153, 154, 155, 156, 157, 158, 159, 160, 161, 162, 163, 164, 165, 166, 167, 168, 169, 170, 171, 172, 173, 174, 175, 176, 177, 178, 179, 180, 181, 182, 183, 184, 185, 186, 187, 188, 189, 190, 191, 192, 193, 194, 195, 196, 197, 198, 199, 200, 201, 202, 203, 204, 205, 206, 207, 208, 209, 210, 211, 212, 213, 214, 215, 216, 217, 218, 219, 220, 221, 222, 223, 224, 225, 226, 227, 228, 229, 230, 231, 232, 233, 234, 235, 236, 237, 238, 239, 240, 241, 242, 243, 244, 245, 246, 247, 248, 249, 250, 251, 252, 253, 254, 255, 256, 257, 258, 259, 260, 261, 262, 263, 264, 265, 266, 267, 268, 269, 270, 271, 272, 273, 274, 275, 276, 277, 278, 279, 280, 281, 282, 283, 284, 285, 286, 287, 288, 289, 290, 291, 292, 293, 294, 295, 296, 297, 298, 299, 300, 301, 302, 303, 304, 305, 306, 307, 308, 309, 310, 311, 312, 313, 314, 315, 316, 317, 318, 319, 320, 321, 322, 323, 324, 325, 326, 327, 328, 329, 330, 331, 332, 333, 334, 335, 336, 337, 338, 339, 340, 341, 342, 343, 344, 345, 346, 347, 348, 349, 350, 351, 352, 353, 354, 355, 356, 357, 358, 359, 360, 361, 362, 363, 364, 365, 366, 367, 368, 369, 370, 371, 372, 373, 374, 375, 376, 377, 378, 379, 380, 381, 382, 383, 384, 385, 386, 387, 388, 389, 390, 391, 392, 393, 394, 395, 396, 397, 398], "y": [0.10793612897396088, 0.47807037830352783, 0.9214293360710144, 0.5432741045951843, 0.40238747000694275, 0.2966521084308624, 0.6847734451293945, 0.5999442934989929, 0.3278574049472809, 0.6298263072967529, 0.2784651219844818, 0.5754655599594116, 0.2698148488998413, 0.6264132261276245, 0.523734450340271, 0.15886902809143066, 0.4429522156715393, 0.4287013113498688, 0.36392107605934143, 0.5969448089599609, 0.5454867482185364, 0.29782724380493164, 0.35173898935317993, 0.5653687119483948, 0.5977874398231506, 0.44849905371665955, 0.3629413843154907, 0.7097766399383545, 0.7235503792762756, 0.7381442189216614, 0.6798303127288818, 0.4496029317378998, 0.4387785494327545, 0.6556630730628967, 0.6806637048721313, 0.22657035291194916, 0.2895219922065735, 0.4816124141216278, 0.5952547192573547, 0.7370044589042664, 0.7604557275772095, 0.3988363444805145, 0.4093661606311798, 0.6596940159797668, 0.8029980659484863, 0.5025155544281006, 0.6301494240760803, 0.44604310393333435, 0.2931642234325409, 0.6793378591537476, 0.7651494145393372, 0.6931200623512268, 0.2723986506462097, 0.4521774351596832, 0.627680242061615, 0.9166924953460693, 0.19517937302589417, 0.8459572196006775, 0.7613632082939148, 0.7173952460289001, 0.5807863473892212, 0.6733773946762085, 0.29305389523506165, 0.1294385939836502, 0.3635636270046234, 0.8952587246894836, 0.5193338394165039, 0.630842924118042, 0.6933916807174683, 0.30488476157188416, 0.24458569288253784, 0.39164307713508606, 0.39199668169021606, 0.29707974195480347, 0.6644392013549805, 0.873235821723938, 0.6802400350570679, 0.5964077115058899, 0.7028698921203613, 0.9694326519966125, 0.627938449382782, 0.1891239732503891, 0.5093433856964111, 0.6811141967773438, 0.6150861978530884, 0.39855608344078064, 0.5776775479316711, 0.5434750318527222, 0.824314296245575, 0.7591190338134766, 0.8835093379020691, 0.6356734037399292, 0.8880720138549805, 0.6356875896453857, 0.5134679079055786, 0.6722326874732971, 0.9240169525146484, 0.6609840393066406, 0.6632785797119141, 0.5779122114181519, 0.7149274945259094, 0.6611959338188171, 0.4878365695476532, 0.4704204797744751, 0.3490791320800781, 0.8758788704872131, 0.6646199226379395, 0.8926326632499695, 0.5192117094993591, 0.795332670211792, 0.5674788951873779, 0.8944055438041687, 0.4693091809749603, 0.4276651442050934, 0.68562912940979, 0.37960734963417053, 0.6553780436515808, 0.9578865766525269, 0.7573930621147156, 0.05786450579762459, 0.6859821081161499, 0.29946979880332947, 0.6079536080360413, 0.8133947253227234, 0.6453673243522644, 0.704396665096283, 0.5766509771347046, 0.4806119203567505, 0.5985012054443359, 0.573326587677002, 0.6035653352737427, 0.4958042502403259, 0.3748915195465088, 0.6887732148170471, 0.9340476989746094, 0.714646577835083, 0.7731642723083496, 0.7023899555206299, 0.6772688627243042, 0.7209362983703613, 0.6277484893798828, 0.7952160239219666, 0.5408326387405396, 0.7804124355316162, 0.45961901545524597, 0.751665472984314, 0.462808758020401, 0.6348801255226135, 0.660446047782898, 0.6445361375808716, 0.8743463754653931, 0.20521925389766693, 0.6684237718582153, 0.792702853679657, 0.6465029716491699, 0.8299020528793335, 0.8767452239990234, 0.546384334564209, 0.34303969144821167, 0.7342737913131714, 0.6980108618736267, 0.2935742735862732, 0.521628737449646, 0.5629516243934631, 0.8804205656051636, 0.5260850191116333, 0.3532555103302002, 0.30807095766067505, 0.5485842823982239, 0.43684348464012146, 0.665245771408081, 0.64451003074646, 0.6198924779891968, 0.5949313640594482, 0.6243512034416199, 0.8656298518180847, 0.750343918800354, 0.627128541469574, 0.5560293793678284, 0.608084499835968, 0.5417736768722534, 0.06095502898097038, 0.5921407341957092, 0.6216854453086853, 0.7037774324417114, 0.3627316951751709, 0.1970691829919815, 0.8238844275474548, 0.42244666814804077, 0.6521294116973877, 0.7260395288467407, 0.5759618878364563, 0.7942216992378235, 0.518047034740448, 0.5705229640007019, 0.8822796940803528, 0.8695142865180969, 0.28906702995300293, 0.5363207459449768, 0.14180447161197662, 0.6456052660942078, 0.028811031952500343, 0.5909789204597473, 0.30087554454803467, 0.6321662068367004, 0.5920271277427673, 0.4252671003341675, 0.4497565031051636, 0.522412896156311, 0.8622918725013733, 0.5016032457351685, 0.6745860576629639, 0.39774149656295776, 0.3315708637237549, 0.6097009181976318, 0.5348697304725647, 0.7924792766571045, 0.2941335141658783, 0.6278773546218872, 0.3373732566833496, 0.686572790145874, 0.7077291011810303, 0.6031241416931152, 0.5812464356422424, 0.8682554364204407, 0.4127124845981598, 0.0825195237994194, 0.8704614639282227, 0.4939846098423004, 0.5836597681045532, 0.6013755798339844, 0.8003498315811157, 0.42517930269241333, 0.5352730751037598, 0.34819862246513367, 0.4314285218715668, 0.8539819121360779, 0.6758126020431519, 0.533600926399231, 0.4163699746131897, 0.42724278569221497, 0.44735708832740784, 0.6891904473304749, 0.5116091370582581, 0.6093804836273193, 0.3798981308937073, 0.3324164152145386, 0.5862948894500732, 0.32598844170570374, 0.36469393968582153, 0.3943553864955902, 0.3703173100948334, 0.33168351650238037, 0.48554572463035583, 0.7743557095527649, 0.8670946955680847, 0.5669159889221191, 0.10474566370248795, 0.2436458319425583, 0.4643010199069977, 0.61723393201828, 0.3816220164299011, 0.5682114362716675, 0.6927586197853088, 0.9067196249961853, 0.47882482409477234, 0.42241522669792175, 0.4908401072025299, 0.5296838879585266, 0.6989947557449341, 0.4810086190700531, 0.5319266319274902, 0.6561198830604553, 0.5186647772789001, 0.3496593236923218, 0.6560492515563965, 0.5952951908111572, 0.7758409380912781, 0.20938150584697723, 0.6294784545898438, 0.3735656142234802, 0.57795250415802, 0.6944686770439148, 0.6462803483009338, 0.3430807292461395, 0.6891612410545349, 0.7111368775367737, 0.7251671552658081, 0.6747533679008484, 0.5750577449798584, 0.43285316228866577, 0.5052647590637207, 0.010225403122603893, 0.560882568359375, 0.5717183351516724, 0.6707888841629028, 0.42887166142463684, 0.49332910776138306, 0.5549224019050598, 0.7825298309326172, 0.5873578190803528, 0.736937403678894, 0.8616226315498352, 0.5553022623062134, 