{"x": [0, 1, 2, 3, 4, 5, 6, 7, 8, 9, 10, 11, 12, 13, 14, 15, 16, 17, 18, 19, 20, 21, 22, 23, 24, 25, 26, 27, 28, 29, 30, 31, 32, 33, 34, 35, 36, 37, 38, 39, 40, 41, 42, 43, 44, 45, 46, 47, 48, 49, 50, 51, 52, 53, 54, 55, 56, 57, 58, 59, 60, 61, 62, 63, 64, 65, 66, 67, 68, 69, 70, 71, 72, 73, 74, 75, 76, 77, 78, 79, 80, 81, 82, 83, 84, 85, 86, 87, 88, 89, 90, 91, 92, 93, 94, 95, 96, 97, 98, 99, 100, 101, 102, 103, 104, 105, 106, 107, 108, 109, 110, 111, 112, 113, 114, 115, 116, 117, 118, 119, 120, 121, 122, 123, 124, 125, 126, 127, 128, 129, 130, 131, 132, 133, 134, 135, 136, 137, 138, 139, 140, 141, 142, 143, 144, 145, 146, 147, 148, 149, 150, 151, 152, 153, 154, 155, 156, 157, 158, 159, 160, 161, 162, 163, 164, 165, 166, 167, 168, 169, 170, 171, 172, 173, 174, 175, 176, 177, 178, 179, 180, 181, 182, 183, 184, 185, 186, 187, 188, 189, 190, 191, 192, 193, 194, 195, 196, 197, 198, 199, 200, 201, 202, 203, 204, 205, 206, 207, 208, 209, 210, 211, 212, 213, 214, 215, 216, 217, 218, 219, 220, 221, 222, 223, 224, 225, 226, 227, 228, 229, 230, 231, 232, 233, 234, 235, 236, 237, 238, 239, 240, 241, 242, 243, 244, 245, 246, 247, 248, 249, 250, 251, 252, 253, 254, 255, 256, 257, 258, 259, 260, 261, 262, 263, 264, 265, 266, 267, 268, 269, 270, 271, 272, 273, 274, 275, 276, 277, 278, 279, 280, 281, 282, 283, 284, 285, 286, 287, 288, 289, 290, 291, 292, 293, 294, 295, 296, 297, 298, 299, 300, 301, 302, 303, 304, 305, 306, 307, 308, 309, 310, 311, 312, 313, 314, 315, 316, 317, 318, 319, 320, 321, 322, 323, 324, 325, 326, 327, 328, 329, 330, 331, 332, 333, 334, 335, 336, 337, 338, 339, 340, 341, 342, 343, 344, 345, 346, 347, 348, 349, 350, 351, 352, 353, 354, 355, 356, 357, 358, 359, 360, 361, 362, 363, 364, 365, 366, 367, 368, 369, 370, 371, 372], "y": [0.6483624577522278, 0.7007212042808533, 0.4179319143295288, 0.8774682283401489, 0.6574826836585999, 0.7364826202392578, 0.42947009205818176, 0.6633613109588623, 0.7490379810333252, 0.4827764630317688, 0.6520448923110962, 0.8560919761657715, 0.5302429795265198, 0.6020479798316956, 0.9085714817047119, 0.849382221698761, 0.8875150084495544, 0.6167539954185486, 0.8082529902458191, 0.8286003470420837, 0.7673413157463074, 0.704163670539856, 0.6630184054374695, 0.32922324538230896, 0.5662316679954529, 0.617167592048645, 0.7752140164375305, 0.5750836133956909, 0.7048165202140808, 0.6188807487487793, 0.7873244881629944, 0.6223856210708618, 0.33009010553359985, 0.8436524271965027, 0.4388158619403839, 0.5027444362640381, 0.7715850472450256, 0.6189366579055786, 0.3796174228191376, 0.6156907677650452, 0.5991186499595642, 0.5493284463882446, 0.4605611264705658, 0.36929431557655334, 0.6223326325416565, 0.4963362216949463, 0.6966931819915771, 0.39193087816238403, 0.581163763999939, 0.4429280161857605, 0.4356424808502197, 0.6375032067298889, 0.7184441685676575, 0.4159546494483948, 0.6665099859237671, 0.4056289494037628, 0.6525206565856934, 0.7504811882972717, 0.5744501352310181, 0.39291131496429443, 0.4383285641670227, 0.656941294670105, 0.8201336860656738, 0.5684834122657776, 0.7026750445365906, 0.3337765038013458, 0.7382970452308655, 0.5773332118988037, 0.4898633062839508, 0.6646204590797424, 0.551667332649231, 0.7998205423355103, 0.42355895042419434, 0.6083322167396545, 0.5529458522796631, 0.8369346857070923, 0.6005508899688721, 0.5316785573959351, 0.5689960718154907, 0.5552340745925903, 0.6239348649978638, 0.8711540699005127, 0.7040801644325256, 0.4343263506889343, 0.45695143938064575, 0.6806609034538269, 0.772669792175293, 0.8361412286758423, 0.4932040274143219, 0.5664997100830078, 0.6174811720848083, 0.08889772742986679, 0.3312477469444275, 0.26883846521377563, 0.8093193173408508, 0.7921654582023621, 0.45653900504112244, 0.40008100867271423, 0.23605190217494965, 0.4267716407775879, 0.325599730014801, 0.41269809007644653, 0.37603557109832764, 0.7282354235649109, 0.2574658989906311, 0.5997753739356995, 0.4694111943244934, 0.7747608423233032, 0.703558623790741, 0.26965034008026123, 0.6265709400177002, 0.7805395722389221, 0.8038619160652161, 0.01769603043794632, 0.6683506965637207, 0.8431703448295593, 0.38670191168785095, 0.4827348589897156, 0.8684381246566772, 0.541358470916748, 0.7953901886940002, 0.1725807785987854, 0.7518446445465088, 0.7191784977912903, 0.805514931678772, 0.6349876523017883, 0.8221675753593445, 0.48559796810150146, 0.6602058410644531, 0.6696191430091858, 0.7007070779800415, 0.6112514138221741, 0.03685493767261505, 0.5321445465087891, 0.4610706865787506, 0.4895464777946472, 0.6657888889312744, 0.49065473675727844, 0.6953540444374084, 0.6226558089256287, 0.5796429514884949, 0.49859127402305603, 0.7681137919425964, 0.07337433844804764, 0.7135803699493408, 0.641739010810852, 0.4658336043357849, 0.5892641544342041, 0.452188640832901, 0.5586091876029968, 0.7089808583259583, 0.677862286567688, 0.6818048357963562, 0.6103392839431763, 0.5427940487861633, 0.6371995210647583, 0.2485523670911789, 0.8844473958015442, 0.7407540082931519, 0.6268038153648376, 0.8431496024131775, 0.49703553318977356, 0.5463148951530457, 0.8455422520637512, 0.05420093610882759, 0.5972365140914917, 0.3725407123565674, 0.7948010563850403, 0.8420437574386597, 0.21026840806007385, 0.875128448009491, 0.9472253918647766, 0.3668985664844513, 0.37348800897598267, 0.8850221037864685, 0.18990778923034668, 0.18413332104682922, 0.8210150599479675, 0.6235378384590149, 0.794945478439331, 0.6337087750434875, 0.5054585337638855, 0.4806114137172699, 0.662908136844635, 0.4138655364513397, 0.603777289390564, 0.3267962336540222, 0.5219452381134033, 0.6788676381111145, 0.5473130345344543, 0.9162205457687378, 0.6250736713409424, 0.674599289894104, 0.5584360957145691, 0.08244233578443527, 0.6580872535705566, 0.6722052097320557, 0.5651696920394897, 0.8012601733207703, 0.4791271984577179, 0.45505186915397644, 0.9029189348220825, 0.5153179168701172, 0.5336462259292603, 0.6211075782775879, 0.6040027141571045, 0.6663402318954468, 0.8866504430770874, 0.3168191909790039, 0.6570125818252563, 0.609088659286499, 0.5550615787506104, 0.79947829246521, 0.7144758105278015, 0.6059237122535706, 0.51988285779953, 0.8581478595733643, 0.6321277022361755, 0.8804829716682434, 0.4214302897453308, 0.694739580154419, 0.5421736240386963, 0.7299069166183472, 0.7360790371894836, 0.8644814491271973, 0.4652882218360901, 0.5472661256790161, 0.6790817379951477, 0.597571849822998, 0.39121535420417786, 0.4221231937408447, 0.8249802589416504, 0.7109870314598083, 0.7647367715835571, 0.6208441853523254, 0.7944813966751099, 0.6153709888458252, 0.6805852055549622, 0.5833842754364014, 0.5172634124755859, 0.8304842710494995, 0.9327443838119507, 0.2750245928764343, 0.6450562477111816, 0.5539838075637817, 0.7017291784286499, 0.7072702050209045, 0.8275312185287476, 0.5120839476585388, 0.7075821161270142, 0.463777631521225, 0.8479819297790527, 0.7212684750556946, 0.8400643467903137, 0.5199918746948242, 0.701769232749939, 0.4472390115261078, 0.6060168147087097, 0.6250841021537781, 0.6065965890884399, 0.6170540452003479, 0.5873304605484009, 0.550360381603241, 0.3957573473453522, 0.4087884724140167, 0.5363360643386841, 0.6247113943099976, 0.7537983059883118, 0.7466033697128296, 0.618739664554596, 0.671008825302124, 0.4769742488861084, 0.7635058164596558, 0.4344821274280548, 0.795117199420929, 0.5664591789245605, 0.6235069036483765, 0.3602093756198883, 0.4756568968296051, 0.7038054466247559, 0.15856362879276276, 0.462125301361084, 0.6883882284164429, 0.633139431476593, 0.9221845865249634, 0.520544707775116, 0.23759548366069794, 0.5481531023979187, 0.5881008505821228, 0.6647419333457947, 0.7083790898323059, 0.34593573212623596, 0.74223393201828, 0.3598334491252899, 0.5859239101409912, 0.6577773094177246, 0.7581459879875183, 0.6375910043716431, 0.6243598461151123, 0.33060264587402344, 0.6209670901298523, 0.6374357342720032, 0.5226865410804749, 0.38895928859710693, 0.9014896154403687, 0.5601761341094971, 0.5235747694969177, 0.7762401103973389, 0.6615586876869202, 0.494565486907959, 0.5270930528640747, 