{"x": [0, 1, 2, 3, 4, 5, 6, 7, 8, 9, 10, 11, 12, 13, 14, 15, 16, 17, 18, 19, 20, 21, 22, 23, 24, 25, 26, 27, 28, 29, 30, 31, 32, 33, 34, 35, 36, 37, 38, 39, 40, 41, 42, 43, 44, 45, 46, 47, 48, 49, 50, 51, 52, 53, 54, 55, 56, 57, 58, 59, 60, 61, 62, 63, 64, 65, 66, 67, 68, 69, 70, 71, 72, 73, 74, 75, 76, 77, 78, 79, 80, 81, 82, 83, 84, 85, 86, 87, 88, 89, 90, 91, 92, 93, 94, 95, 96, 97, 98, 99, 100, 101, 102, 103, 104, 105, 106, 107, 108, 109, 110, 111, 112, 113, 114, 115, 116, 117, 118, 119, 120, 121, 122, 123, 124, 125, 126, 127, 128, 129, 130, 131, 132, 133, 134, 135, 136, 137, 138, 139, 140, 141, 142, 143, 144, 145, 146, 147, 148, 149, 150, 151, 152, 153, 154, 155, 156, 157, 158, 159, 160, 161, 162, 163, 164, 165, 166, 167, 168, 169, 170, 171, 172, 173, 174, 175, 176, 177, 178, 179, 180, 181, 182, 183, 184, 185, 186, 187, 188, 189, 190, 191, 192, 193, 194, 195, 196, 197, 198, 199, 200, 201, 202, 203, 204, 205, 206, 207, 208, 209, 210, 211, 212, 213, 214, 215, 216, 217, 218, 219, 220, 221, 222, 223, 224, 225, 226, 227, 228, 229, 230, 231, 232, 233, 234, 235, 236, 237, 238, 239, 240, 241, 242, 243, 244, 245, 246, 247, 248, 249, 250, 251, 252, 253, 254, 255, 256, 257, 258, 259, 260, 261, 262, 263, 264, 265, 266, 267, 268, 269, 270, 271, 272, 273, 274, 275, 276, 277, 278, 279, 280, 281, 282, 283, 284, 285, 286, 287, 288, 289, 290, 291, 292, 293, 294, 295, 296, 297, 298, 299, 300, 301, 302, 303, 304, 305, 306, 307, 308, 309, 310, 311, 312, 313, 314, 315, 316, 317, 318, 319, 320, 321, 322, 323, 324, 325, 326, 327, 328, 329, 330, 331, 332, 333, 334, 335, 336, 337, 338, 339, 340, 341, 342, 343, 344, 345, 346, 347, 348, 349, 350, 351, 352, 353, 354, 355, 356, 357, 358, 359, 360, 361, 362, 363, 364, 365, 366, 367, 368, 369, 370, 371, 372], "y": [0.8617938756942749, 0.920421838760376, 0.9846693873405457, 0.26316583156585693, 0.9409730434417725, 0.9266588687896729, 0.9090715646743774, 0.006707057822495699, 0.7637255191802979, 0.006132257636636496, 0.20386898517608643, 0.9707455635070801, 0.75254225730896, 0.5381019115447998, 0.007434178609400988, 0.7880915403366089, 0.9150698184967041, 0.2482459843158722, 0.5810062289237976, 0.8722213506698608, 0.21141000092029572, 0.05985298380255699, 0.757979691028595, 0.0001977311767404899, 0.27700674533843994, 0.42884984612464905, 0.042872343212366104, 0.7129343152046204, 0.10767760872840881, 0.6389225721359253, 0.2066129446029663, 0.5469139814376831, 0.11025290191173553, 0.9223712086677551, 0.9863142967224121, 0.9211527109146118, 0.5465453267097473, 0.0825856402516365, 0.15173068642616272, 0.9364284873008728, 0.3401656448841095, 0.7997205853462219, 0.3864577114582062, 0.07055501639842987, 0.23607012629508972, 0.5904955267906189, 0.15169809758663177, 0.004872026387602091, 0.01639740914106369, 0.028386937454342842, 0.6379066705703735, 0.9744818210601807, 0.5523285865783691, 0.9744998812675476, 0.9521910548210144, 0.9063684940338135, 0.5954292416572571, 0.9365753531455994, 0.9700303077697754, 0.3610992133617401, 0.19012759625911713, 0.7555729150772095, 0.4928610026836395, 0.6798085570335388, 0.7191925644874573, 0.1347292959690094, 0.7965871095657349, 0.6908906698226929, 0.7950503826141357, 0.8367825150489807, 0.798260509967804, 0.808358907699585, 0.7786522507667542, 0.2896992266178131, 0.899764895439148, 0.932332456111908, 0.014003271237015724, 0.074910007417202, 0.6596626043319702, 0.6368362307548523, 0.0011259519960731268, 0.8637349009513855, 0.9752074480056763, 0.0037027476355433464, 0.9437708258628845, 0.724887490272522, 0.9391523599624634, 0.2216094583272934, 0.1795707792043686, 0.9056740403175354, 0.2779114544391632, 0.0045279995538294315, 0.028722582384943962, 0.5228903889656067, 0.9159111380577087, 0.7223308682441711, 0.37328627705574036, 0.8787205815315247, 0.0006033650715835392, 0.7895519733428955, 0.3078210651874542, 0.2643597722053528, 0.0008154870592989028, 0.03625745698809624, 0.034294210374355316, 0.7714943885803223, 0.8978869318962097, 0.8016356825828552, 0.03967052325606346, 0.5101014375686646, 0.0004124114930164069, 0.7993393540382385, 0.9818825721740723, 0.8814895153045654, 0.41972124576568604, 0.9708654880523682, 0.3275516927242279, 0.8788149952888489, 0.32170501351356506, 0.052611343562603, 0.8019531965255737, 0.11715732514858246, 0.5560909509658813, 0.8784972429275513, 0.9386745095252991, 0.7637001872062683, 0.8234164118766785, 0.5014591217041016, 0.9972811341285706, 0.9794068932533264, 0.6179795861244202, 0.5424990653991699, 0.4326086938381195, 0.9786936044692993, 0.9559654593467712, 0.8353763818740845, 0.9620890617370605, 0.9544258713722229, 0.9297406673431396, 0.760122537612915, 0.9154435396194458, 0.993733286857605, 0.5529695749282837, 0.9463932514190674, 0.8765510320663452, 0.5065987706184387, 0.8016737699508667, 0.0017573550576344132, 0.9102953672409058, 0.7718517780303955, 0.7712507843971252, 0.17717458307743073, 0.8807991147041321, 0.6586533784866333, 0.9965371489524841, 0.7908485531806946, 0.985454261302948, 0.9343922734260559, 0.960050642490387, 0.7356056571006775, 0.8128880858421326, 0.011515998281538486, 0.9778100848197937, 0.7738947868347168, 0.7723140120506287, 0.7697843313217163, 0.015962719917297363, 0.9373359680175781, 0.9649690389633179, 0.9219923615455627, 0.970348060131073, 0.8856426477432251, 0.9807228446006775, 0.003864671103656292, 0.9363237023353577, 0.42640313506126404, 0.041930004954338074, 0.8574537634849548, 0.9516105651855469, 0.5741003751754761, 0.43148863315582275, 0.9132756590843201, 0.8795644044876099, 0.9847692251205444, 0.8971738815307617, 0.7532877922058105, 0.2865005135536194, 0.21823807060718536, 0.5412976145744324, 0.8635271191596985, 0.8659071326255798, 0.9202799797058105, 0.8571000695228577, 0.19263257086277008, 0.8253024220466614, 0.9750114679336548, 0.11916115134954453, 0.046631988137960434, 0.12065153568983078, 0.8864634037017822, 0.880768358707428, 0.9567866921424866, 0.4684809148311615, 0.035311657935380936, 0.9444547891616821, 0.6707300543785095, 0.9734154939651489, 0.826893150806427, 0.3494713008403778, 0.9882360696792603, 0.7276618480682373, 0.9711533784866333, 0.8620200157165527, 0.9791810512542725, 0.6670050024986267, 0.8483632206916809, 0.1349712312221527, 0.9937552213668823, 0.9507797360420227, 0.7824490666389465, 0.6512894630432129, 0.8095109462738037, 0.8092569708824158, 0.9814733862876892, 0.9713854193687439, 0.9921967387199402, 0.9560258984565735, 0.9864782691001892, 0.9318810105323792, 0.8912136554718018, 0.9281200170516968, 0.9780078530311584, 0.9337338209152222, 0.8529462814331055, 0.34264761209487915, 0.8809789419174194, 0.9591339826583862, 0.677666187286377, 0.27225902676582336, 0.6989939212799072, 0.6606922745704651, 0.9648142457008362, 0.8073230981826782, 0.9202982783317566, 0.8525251746177673, 0.3977785110473633, 0.6551595330238342, 0.9622400403022766, 0.6683909296989441, 0.7999348044395447, 0.845441997051239, 0.9826871752738953, 0.96560138463974, 0.7700981497764587, 0.6403985023498535, 0.6947060227394104, 0.935767650604248, 0.6802874803543091, 0.8943965435028076, 0.7135614156723022, 0.7952173948287964, 0.8133500814437866, 0.7812015414237976, 0.7878690958023071, 0.7249513268470764, 0.8420946598052979, 0.837867021560669, 0.8613535165786743, 0.944741427898407, 0.9907599687576294, 0.7293745875358582, 0.5931832790374756, 0.9128040671348572, 0.7301990985870361, 0.7583314180374146, 0.9271495342254639, 0.9832249879837036, 0.727754533290863, 0.9321286678314209, 0.9299125671386719, 0.5227435231208801, 0.5980755686759949, 0.8294476866722107, 0.9545918107032776, 0.9388151168823242, 0.9931962490081787, 0.9215438365936279, 0.971580445766449, 0.9855995774269104, 0.9249099493026733, 0.8499641418457031, 0.8535498380661011, 0.8885540962219238, 0.9693902730941772, 0.9760032296180725, 0.9221035838127136, 0.7731419801712036, 0.8579129576683044, 0.6706768870353699, 0.9706078171730042, 0.7745403051376343, 0.5992344617843628, 0.5229464769363403, 0.6180252432823181, 0.9307966232299805, 0.9255097508430481, 0.8290438652038574, 0.3035409450531006, 