{"x": [0, 1, 2, 3, 4, 5, 6, 7, 8, 9, 10, 11, 12, 13, 14, 15, 16, 17, 18, 19, 20, 21, 22, 23, 24, 25, 26, 27, 28, 29, 30, 31, 32, 33, 34, 35, 36, 37, 38, 39, 40, 41, 42, 43, 44, 45, 46, 47, 48, 49, 50, 51, 52, 53, 54, 55, 56, 57, 58, 59, 60, 61, 62, 63, 64, 65, 66, 67, 68, 69, 70, 71, 72, 73, 74, 75, 76, 77, 78, 79, 80, 81, 82, 83, 84, 85, 86, 87, 88, 89, 90, 91, 92, 93, 94, 95, 96, 97, 98, 99, 100, 101, 102, 103, 104, 105, 106, 107, 108, 109, 110, 111, 112, 113, 114, 115, 116, 117, 118, 119, 120, 121, 122, 123, 124, 125, 126, 127, 128, 129, 130, 131, 132, 133, 134, 135, 136, 137, 138, 139, 140, 141, 142, 143, 144, 145, 146, 147, 148, 149, 150, 151, 152, 153, 154, 155, 156, 157, 158, 159, 160, 161, 162, 163, 164, 165, 166, 167, 168, 169, 170, 171, 172, 173, 174, 175, 176, 177, 178, 179, 180, 181, 182, 183, 184, 185, 186, 187, 188, 189, 190, 191, 192, 193, 194, 195, 196, 197, 198, 199, 200, 201, 202, 203, 204, 205, 206, 207, 208, 209, 210, 211, 212, 213, 214, 215, 216, 217, 218, 219, 220, 221, 222, 223, 224, 225, 226, 227, 228, 229, 230, 231, 232, 233, 234, 235, 236, 237, 238, 239, 240, 241, 242, 243, 244, 245, 246, 247, 248, 249, 250, 251, 252, 253, 254, 255, 256, 257, 258, 259, 260, 261, 262, 263, 264, 265, 266, 267, 268, 269, 270, 271, 272, 273, 274, 275, 276, 277, 278, 279, 280, 281, 282, 283, 284, 285, 286, 287, 288, 289, 290, 291, 292, 293, 294, 295, 296, 297, 298, 299, 300, 301, 302, 303, 304, 305, 306, 307, 308, 309, 310, 311, 312, 313, 314, 315, 316, 317, 318, 319, 320, 321, 322, 323, 324, 325, 326, 327, 328, 329, 330, 331, 332, 333, 334, 335, 336, 337, 338, 339, 340, 341, 342, 343, 344, 345, 346, 347, 348, 349, 350, 351, 352, 353, 354, 355, 356, 357, 358, 359, 360, 361, 362, 363, 364, 365, 366, 367, 368, 369, 370, 371, 372], "y": [0.32801079750061035, 0.4652389585971832, 0.3520975708961487, 0.1932085156440735, 0.9878040552139282, 0.9220046997070312, 0.8186492919921875, 0.27938804030418396, 0.6764752268791199, 0.0063415272161364555, 0.0014268498634919524, 0.8805617690086365, 0.7806862592697144, 0.1997389793395996, 0.009951867163181305, 0.8611477017402649, 0.8464406728744507, 0.6161996126174927, 0.5732949376106262, 0.8360980749130249, 0.23869743943214417, 0.09420875459909439, 0.11205946654081345, 0.00025605555856600404, 0.5485815405845642, 0.32986560463905334, 0.0012149919057264924, 0.18223164975643158, 0.023361628875136375, 0.12859882414340973, 0.014003543183207512, 0.610537588596344, 0.11595898866653442, 0.41246381402015686, 0.7574945688247681, 0.612001895904541, 0.13673290610313416, 0.06496994197368622, 0.960286021232605, 0.9105152487754822, 0.4082847833633423, 0.8029584884643555, 0.4690913259983063, 0.23425589501857758, 0.10560527443885803, 0.6222436428070068, 0.17357346415519714, 0.0009613867732696235, 0.039628952741622925, 0.0015032297233119607, 0.509468674659729, 0.9756367206573486, 0.6924685835838318, 0.9035801291465759, 0.8162445425987244, 0.6350775361061096, 0.7062612175941467, 0.8726604580879211, 0.21401973068714142, 0.553546130657196, 0.010855614207684994, 0.5156130790710449, 0.24384139478206635, 0.3387127220630646, 0.6510001420974731, 0.01829967461526394, 0.9239138960838318, 0.7309848070144653, 0.2766810357570648, 0.6844373345375061, 0.4898589551448822, 0.7934361100196838, 0.7154415845870972, 0.09603919833898544, 0.5897208452224731, 0.8934614062309265, 0.0013824026100337505, 0.0020628999918699265, 0.6231228709220886, 0.21959948539733887, 0.0009664224926382303, 0.3320234417915344, 0.7168264985084534, 0.0035947656724601984, 0.08313646912574768, 0.6001425981521606, 0.662572979927063, 0.0007096371264196932, 0.061793383210897446, 0.8845410346984863, 0.15050092339515686, 0.0005325985257513821, 0.0032765932846814394, 0.49689269065856934, 0.9100490212440491, 0.5471128821372986, 0.3660789430141449, 0.7184574604034424, 0.0050122542306780815, 0.5957392454147339, 0.007101380731910467, 0.5195181965827942, 0.00037047237856313586, 0.0007441811030730605, 0.05960254371166229, 0.8013468384742737, 0.8121180534362793, 0.8512617349624634, 0.00046633047168143094, 0.14402595162391663, 0.00029556776280514896, 0.49020862579345703, 0.7487971186637878, 0.9426722526550293, 0.0265249814838171, 0.24483823776245117, 0.35399940609931946, 0.7721102833747864, 0.12497919052839279, 0.02608334645628929, 0.8549367189407349, 0.026060977950692177, 0.016097798943519592, 0.32327502965927124, 0.9491892457008362, 0.5882115364074707, 0.8178459405899048, 0.621296763420105, 0.6111094355583191, 0.8714287281036377, 0.9540259838104248, 0.6640968918800354, 0.7360386252403259, 0.9176309704780579, 0.94212406873703, 0.9207736849784851, 0.7309267520904541, 0.9630897641181946, 0.7664704918861389, 0.6366643905639648, 0.8652259707450867, 0.9263374209403992, 0.5207816958427429, 0.9217337965965271, 0.8134747743606567, 0.6056773662567139, 0.9896200895309448, 0.0018797348020598292, 0.9840494394302368, 0.7698511481285095, 0.9778582453727722, 0.7107371687889099, 0.8007394671440125, 0.6033961772918701, 0.9354507327079773, 0.896615743637085, 0.9988824129104614, 0.9900481700897217, 0.9774437546730042, 0.7441517114639282, 0.9560720920562744, 0.005041469819843769, 0.8627032041549683, 0.8520236015319824, 0.9071658849716187, 0.7161417603492737, 0.07826139032840729, 0.9203535914421082, 0.9779320955276489, 0.7787317633628845, 0.937741756439209, 0.5761814713478088, 0.8591487407684326, 0.7384421229362488, 0.9245235323905945, 0.6111246943473816, 0.34513452649116516, 0.8911836743354797, 0.8934944272041321, 0.7583149075508118, 0.019005905836820602, 0.7852263450622559, 0.6967282891273499, 0.9930467009544373, 0.22353865206241608, 0.3725692629814148, 0.5153201818466187, 0.15041999518871307, 0.6861134767532349, 0.9593649506568909, 0.8811183571815491, 0.9660199880599976, 0.8877466320991516, 0.3038504719734192, 0.799523115158081, 0.3506898880004883, 0.11051321029663086, 0.0012408160837367177, 0.0009422097937203944, 0.9438496232032776, 0.9561836123466492, 0.8683740496635437, 0.6920470595359802, 0.22000430524349213, 0.9072288870811462, 0.8105613589286804, 0.9616261720657349, 0.8410135507583618, 0.754555881023407, 0.9962207078933716, 0.7524382472038269, 0.989313006401062, 0.6233616471290588, 0.9667456746101379, 0.8585329055786133, 0.925478458404541, 0.04273810237646103, 0.9816341400146484, 0.9560089707374573, 0.7358102202415466, 0.7234307527542114, 0.7375460267066956, 0.8197105526924133, 0.9970585703849792, 0.9837213754653931, 0.9944193363189697, 0.9853782653808594, 0.9520838856697083, 0.9904359579086304, 0.9152735471725464, 0.8993039727210999, 0.8796725869178772, 0.7566947937011719, 0.8529008030891418, 0.0014930161414667964, 0.8964556455612183, 0.0036541467998176813, 0.8784765005111694, 0.023887062445282936, 0.3780570328235626, 0.6092559695243835, 0.9358847737312317, 0.7099303007125854, 0.7047390341758728, 0.6846580505371094, 0.2617754638195038, 0.4233371317386627, 0.8932591080665588, 0.6258088946342468, 0.8743340373039246, 0.9378760457038879, 0.8520947694778442, 0.874688982963562, 0.8475930094718933, 0.7903507947921753, 0.6744211316108704, 0.6613189578056335, 0.48914867639541626, 0.965527355670929, 0.9148402214050293, 0.7698451280593872, 0.9510002732276917, 0.6473112106323242, 0.7974286675453186, 0.9720563292503357, 0.9907779693603516, 0.4151096045970917, 0.8039637804031372, 0.9231618642807007, 0.8447365760803223, 0.852394163608551, 0.5051100850105286, 0.9723520278930664, 0.7035657167434692, 0.7064407467842102, 0.38421404361724854, 0.9912974834442139, 0.835565447807312, 0.9237135052680969, 0.9712625741958618, 0.6130834817886353, 0.8993709087371826, 0.8998509049415588, 0.9444855451583862, 0.9576278328895569, 0.8065082430839539, 0.8540602326393127, 0.8791469931602478, 0.9906641244888306, 0.9738103151321411, 0.861507773399353, 0.7878772616386414, 0.5814679265022278, 0.8837233185768127, 0.9107081890106201, 0.9043388366699219, 0.9129306674003601, 0.7030586004257202, 0.8100148439407349, 0.9039313793182373, 0.7805179357528687, 0.5916734933853149, 0.7179906368255615, 0.7355093955993652, 0.9670551419258118, 