{"x": [0, 1, 2, 3, 4, 5, 6, 7, 8, 9, 10, 11, 12, 13, 14, 15, 16, 17, 18, 19, 20, 21, 22, 23, 24, 25, 26, 27, 28, 29, 30, 31, 32, 33, 34, 35, 36, 37, 38, 39, 40, 41, 42, 43, 44, 45, 46, 47, 48, 49, 50, 51, 52, 53, 54, 55, 56, 57, 58, 59, 60, 61, 62, 63, 64, 65, 66, 67, 68, 69, 70, 71, 72, 73, 74, 75, 76, 77, 78, 79, 80, 81, 82, 83, 84, 85, 86, 87, 88, 89, 90, 91, 92, 93, 94, 95, 96, 97, 98, 99, 100, 101, 102, 103, 104, 105, 106, 107, 108, 109, 110, 111, 112, 113, 114, 115, 116, 117, 118, 119, 120, 121, 122, 123, 124, 125, 126, 127, 128, 129, 130, 131, 132, 133, 134, 135, 136, 137, 138, 139, 140, 141, 142, 143, 144, 145, 146, 147, 148, 149, 150, 151, 152, 153, 154, 155, 156, 157, 158, 159, 160, 161, 162, 163, 164, 165, 166, 167, 168, 169, 170, 171, 172, 173, 174, 175, 176, 177, 178, 179, 180, 181, 182, 183, 184, 185, 186, 187, 188, 189, 190, 191, 192, 193, 194, 195, 196, 197, 198, 199, 200, 201, 202, 203, 204, 205, 206, 207, 208, 209, 210, 211, 212, 213, 214, 215, 216, 217, 218, 219, 220, 221, 222, 223, 224, 225, 226, 227, 228, 229, 230, 231, 232, 233, 234, 235, 236, 237, 238, 239, 240, 241, 242, 243, 244, 245, 246, 247, 248, 249, 250, 251, 252, 253, 254, 255, 256, 257, 258, 259, 260, 261, 262, 263, 264, 265, 266, 267, 268, 269, 270, 271, 272, 273, 274, 275, 276, 277, 278, 279, 280, 281, 282, 283, 284, 285, 286, 287, 288, 289, 290, 291, 292, 293, 294, 295, 296, 297, 298, 299, 300, 301, 302, 303, 304, 305, 306, 307, 308, 309, 310, 311, 312, 313, 314, 315, 316, 317, 318, 319, 320, 321, 322, 323, 324, 325, 326, 327, 328, 329, 330, 331, 332, 333, 334, 335, 336, 337, 338, 339, 340, 341, 342, 343, 344, 345, 346, 347, 348, 349, 350, 351, 352, 353, 354, 355, 356, 357, 358, 359, 360, 361, 362, 363, 364, 365, 366, 367, 368, 369, 370, 371, 372], "y": [0.9539480805397034, 0.9243921637535095, 0.9872997403144836, 0.9825385212898254, 0.4039837718009949, 0.8132067918777466, 0.44422149658203125, 0.9561052918434143, 0.9182820320129395, 0.986472487449646, 0.931708574295044, 0.7136133313179016, 0.10359051078557968, 0.9314869046211243, 0.9911629557609558, 0.7875240445137024, 0.8732404112815857, 0.8165894746780396, 0.9576866030693054, 0.9184898734092712, 0.9940460324287415, 0.9799074530601501, 0.9369362592697144, 0.9783567190170288, 0.5197210311889648, 0.9889989495277405, 0.9730443954467773, 0.9928416013717651, 0.9824177622795105, 0.9536160230636597, 0.9780882000923157, 0.9478052258491516, 0.9698642492294312, 0.9881349205970764, 0.9948081970214844, 0.9233737587928772, 0.9410862326622009, 0.9575473666191101, 0.8693903684616089, 0.16957789659500122, 0.8917356729507446, 0.46968966722488403, 0.7948627471923828, 0.9985673427581787, 0.8776609897613525, 0.6618413329124451, 0.9811198711395264, 0.9972348809242249, 0.9845179319381714, 0.9965253472328186, 0.860241174697876, 0.6186003088951111, 0.6453685760498047, 0.9733032584190369, 0.4998106062412262, 0.9448899030685425, 0.984856367111206, 0.35885146260261536, 0.7496046423912048, 0.3432813882827759, 0.9158225059509277, 0.7879592776298523, 0.9081748723983765, 0.8923931121826172, 0.9651444554328918, 0.8997581601142883, 0.9896318316459656, 0.8785374164581299, 0.9801306128501892, 0.8311688899993896, 0.9866036772727966, 0.7452634572982788, 0.9621697068214417, 0.9951898455619812, 0.9463114142417908, 0.9847361445426941, 0.9978893399238586, 0.9937154650688171, 0.9855384826660156, 0.8946799635887146, 0.9874382615089417, 0.957116961479187, 0.9951646327972412, 0.983283281326294, 0.989031970500946, 0.7549542784690857, 0.9909975528717041, 0.9940093159675598, 0.98557049036026, 0.8312970399856567, 0.9816336631774902, 0.8471291065216064, 0.9617089629173279, 0.34096336364746094, 0.7714262008666992, 0.6417500972747803, 0.7444924116134644, 0.9098264575004578, 0.9786474108695984, 0.9783730506896973, 0.9977447986602783, 0.5939823985099792, 0.9916797876358032, 0.9214705228805542, 0.9889442920684814, 0.7419542074203491, 0.971738874912262, 0.9595223665237427, 0.9246082901954651, 0.22387060523033142, 0.9864041805267334, 0.9947531223297119, 0.9743824601173401, 0.9633895754814148, 0.8345585465431213, 0.9962827563285828, 0.952103853225708, 0.9514343738555908, 0.9979433417320251, 0.9860038757324219, 0.8643260598182678, 0.9883687496185303, 0.9745250940322876, 0.9952349662780762, 0.04556138068437576, 0.9635133743286133, 0.758773922920227, 0.3414800763130188, 0.07030970603227615, 0.3456884026527405, 0.450508713722229, 0.7721800208091736, 0.09290420264005661, 0.05154947564005852, 0.5313205718994141, 0.9377666711807251, 0.5634377002716064, 0.44797995686531067, 0.9348992109298706, 0.5331944823265076, 0.5680127143859863, 0.9192659854888916, 0.9802711009979248, 0.9880751371383667, 0.7511242032051086, 0.9865798950195312, 0.9757554531097412, 0.9470863342285156, 0.3900580108165741, 0.002477180678397417, 0.8803521990776062, 0.964130163192749, 0.009109428152441978, 0.6712728142738342, 0.8140416145324707, 0.8288794159889221, 0.774604082107544, 0.8233176469802856, 0.02314011938869953, 0.6528769731521606, 0.06984447687864304, 0.9816241264343262, 0.5313785672187805, 0.8392120003700256, 0.9615146517753601, 0.9499750137329102, 0.9778031706809998, 0.8925076127052307, 0.8530404567718506, 0.8631182909011841, 0.9033201932907104, 0.968713641166687, 0.7400232553482056, 0.9595231413841248, 0.8295373320579529, 0.8776277899742126, 0.9709464907646179, 0.846000611782074, 0.016015352681279182, 0.9871862530708313, 0.9105366468429565, 0.8965621590614319, 0.4223424196243286, 0.9857861399650574, 0.9681891798973083, 0.5720377564430237, 0.5202256441116333, 0.7365119457244873, 0.0625954419374466, 0.04136670380830765, 0.8958276510238647, 0.01290842518210411, 0.7027434706687927, 0.9929836392402649, 0.8308016657829285, 0.9918995499610901, 0.9946866035461426, 0.995614767074585, 0.9580693244934082, 0.12249781936407089, 0.9724480509757996, 0.8845729827880859, 0.5713638067245483, 0.8717804551124573, 0.016722194850444794, 0.11871592700481415, 0.008518446236848831, 0.9243541359901428, 0.3676963746547699, 0.9515424370765686, 0.7470628023147583, 0.06275271624326706, 0.9618686437606812, 0.0009292922331951559, 0.23196092247962952, 0.0032077874056994915, 0.9133447408676147, 0.18069759011268616, 0.7713516354560852, 0.04951658472418785, 0.6199701428413391, 0.3852119445800781, 0.5809932351112366, 0.6628194451332092, 0.0014778466429561377, 0.0008132689399644732, 0.0015290931332856417, 0.16956453025341034, 0.6451275944709778, 0.004560581874102354, 0.0012679429491981864, 0.363045334815979, 0.5489075779914856, 0.35961565375328064, 0.9498276114463806, 0.8486307859420776, 0.9749547839164734, 0.7214892506599426, 0.9284127354621887, 0.3036361634731293, 0.9447957873344421, 0.5909761190414429, 0.044556163251399994, 0.4217633605003357, 0.7863096594810486, 0.9879860281944275, 0.9790322780609131, 0.8313291072845459, 0.9423407912254333, 0.8413151502609253, 0.35416626930236816, 0.0023045095149427652, 0.34009233117103577, 0.7687610387802124, 0.3926052451133728, 0.9284424781799316, 0.14730441570281982, 0.47958502173423767, 0.0037453281693160534, 0.0002866746799554676, 0.03243441879749298, 0.006349409464746714, 0.8650352358818054, 0.005761061329394579, 0.46471670269966125, 0.024644792079925537, 0.9356176257133484, 0.0592670701444149, 0.010924970731139183, 0.011370300315320492, 0.21340276300907135, 0.3634790778160095, 0.9740446209907532, 0.9216263890266418, 0.7525310516357422, 0.5983731150627136, 0.001028038328513503, 0.20894159376621246, 0.0220812875777483, 0.007536239456385374, 0.043658699840307236, 0.9574147462844849, 0.9448751211166382, 0.3148416578769684, 0.7974062561988831, 0.9782005548477173, 0.0038697123527526855, 0.008934726007282734, 0.02003639005124569, 0.001223110593855381, 0.028501421213150024, 0.2977592647075653, 0.87571781873703, 0.0029898351058363914, 0.27767837047576904, 0.0017827264964580536, 0.04479055851697922, 0.2301386445760727, 0.964769184589386, 0.00035547002335079014, 0.017781199887394905, 0.005326793994754553, 0.6262019276618958, 0.004348422400653362, 0.8266240954399109, 0.9907870888710022, 