{"x": [0, 1, 2, 3, 4, 5, 6, 7, 8, 9, 10, 11, 12, 13, 14, 15, 16, 17, 18, 19, 20, 21, 22, 23, 24, 25, 26, 27, 28, 29, 30, 31, 32, 33, 34, 35, 36, 37, 38, 39, 40, 41, 42, 43, 44, 45, 46, 47, 48, 49, 50, 51, 52, 53, 54, 55, 56, 57, 58, 59, 60, 61, 62, 63, 64, 65, 66, 67, 68, 69, 70, 71, 72, 73, 74, 75, 76, 77, 78, 79, 80, 81, 82, 83, 84, 85, 86, 87, 88, 89, 90, 91, 92, 93, 94, 95, 96, 97, 98, 99, 100, 101, 102, 103, 104, 105, 106, 107, 108, 109, 110, 111, 112, 113, 114, 115, 116, 117, 118, 119, 120, 121, 122, 123, 124, 125, 126, 127, 128, 129, 130, 131, 132, 133, 134, 135, 136, 137, 138, 139, 140, 141, 142, 143, 144, 145, 146, 147, 148, 149, 150, 151, 152, 153, 154, 155, 156, 157, 158, 159, 160, 161, 162, 163, 164, 165, 166, 167, 168, 169, 170, 171, 172, 173, 174, 175, 176, 177, 178, 179, 180, 181, 182, 183, 184, 185, 186, 187, 188, 189, 190, 191, 192, 193, 194, 195, 196, 197, 198, 199, 200, 201, 202, 203, 204, 205, 206, 207, 208, 209, 210, 211, 212, 213, 214, 215, 216, 217, 218, 219, 220, 221, 222, 223, 224, 225, 226, 227, 228, 229, 230, 231, 232, 233, 234, 235, 236, 237, 238, 239, 240, 241, 242, 243, 244, 245, 246, 247, 248, 249, 250, 251, 252, 253, 254, 255, 256, 257, 258, 259, 260, 261, 262, 263, 264, 265, 266, 267, 268, 269, 270, 271, 272, 273, 274, 275, 276, 277, 278, 279, 280, 281, 282, 283, 284, 285, 286, 287, 288, 289, 290, 291, 292, 293, 294, 295, 296, 297, 298, 299, 300, 301, 302, 303, 304, 305, 306, 307, 308, 309, 310, 311, 312, 313, 314, 315, 316, 317, 318, 319, 320, 321, 322, 323, 324, 325, 326, 327, 328, 329, 330, 331, 332, 333, 334, 335, 336, 337, 338, 339, 340, 341, 342, 343, 344, 345, 346, 347, 348, 349, 350, 351, 352, 353, 354, 355, 356, 357, 358, 359, 360, 361, 362, 363, 364, 365, 366, 367, 368, 369, 370, 371, 372], "y": [0.9986914992332458, 0.9963749647140503, 0.988415539264679, 0.998260498046875, 0.6661132574081421, 0.9163966178894043, 0.38562723994255066, 0.8094274401664734, 0.9839022755622864, 0.996200442314148, 0.9443135857582092, 0.7387259602546692, 0.5676639676094055, 0.552807629108429, 0.9872244000434875, 0.7474374175071716, 0.4892670214176178, 0.9328321218490601, 0.9216078519821167, 0.9090614914894104, 0.9524001479148865, 0.5461251735687256, 0.6871089339256287, 0.17926976084709167, 0.6398849487304688, 0.8503943681716919, 0.9569612145423889, 0.9394756555557251, 0.994291365146637, 0.994869589805603, 0.9624935388565063, 0.8358383774757385, 0.9923340678215027, 0.9894110560417175, 0.9291213750839233, 0.9475224018096924, 0.990136981010437, 0.2785821557044983, 0.2719608247280121, 0.10074231028556824, 0.7643886804580688, 0.7763561010360718, 0.684623122215271, 0.957588255405426, 0.9494293928146362, 0.550741970539093, 0.9940565824508667, 0.9834604263305664, 0.9546312093734741, 0.9920347929000854, 0.8006108999252319, 0.9236381649971008, 0.8974103331565857, 0.32651129364967346, 0.6945148706436157, 0.9660201668739319, 0.9956678152084351, 0.8621763586997986, 0.9420152902603149, 0.7437057495117188, 0.9528637528419495, 0.9853343963623047, 0.9697055816650391, 0.9111568927764893, 0.9771468043327332, 0.5595165491104126, 0.9333658814430237, 0.8934168219566345, 0.9883422255516052, 0.35233941674232483, 0.9736371636390686, 0.9289277791976929, 0.9354957342147827, 0.9956589937210083, 0.9810518622398376, 0.9979069828987122, 0.9098491072654724, 0.9946327805519104, 0.9914337992668152, 0.9929534196853638, 0.9949557781219482, 0.9979907870292664, 0.992497980594635, 0.9468775987625122, 0.990125834941864, 0.7963705658912659, 0.9988939762115479, 0.9913782477378845, 0.9800869226455688, 0.9267902374267578, 0.9632072448730469, 0.9434460997581482, 0.9931406378746033, 0.5803897976875305, 0.8987625241279602, 0.7271651029586792, 0.6572368741035461, 0.9746944904327393, 0.984649121761322, 0.9162750244140625, 0.9846214652061462, 0.8387283086776733, 0.979155421257019, 0.9293789863586426, 0.9715801477432251, 0.7330970168113708, 0.9055753946304321, 0.9384710192680359, 0.9615506529808044, 0.06420721113681793, 0.9961187839508057, 0.9490157961845398, 0.9955888390541077, 0.9270321726799011, 0.8963974714279175, 0.9692059755325317, 0.9149943590164185, 0.8769484758377075, 0.9946674108505249, 0.9758619070053101, 0.8572652339935303, 0.9227610230445862, 0.9892798066139221, 0.9892699122428894, 0.9901896119117737, 0.8920794725418091, 0.8789580464363098, 0.37870001792907715, 0.19752809405326843, 0.873845100402832, 0.29632726311683655, 0.9813364148139954, 0.8800560832023621, 0.9836381673812866, 0.9178283214569092, 0.614755392074585, 0.7393249869346619, 0.03404387831687927, 0.5791213512420654, 0.6978878974914551, 0.6750419735908508, 0.966649055480957, 0.9184421300888062, 0.9387500882148743, 0.8671522736549377, 0.9391527771949768, 0.1538805216550827, 0.7891708612442017, 0.19652336835861206, 0.019745146855711937, 0.6483621001243591, 0.7963783740997314, 0.0011889765737578273, 0.773043155670166, 0.8335745930671692, 0.4192197024822235, 0.9886409044265747, 0.9785780310630798, 0.667161226272583, 0.5562641620635986, 0.45446014404296875, 0.9736143350601196, 0.6295439600944519, 0.7363100051879883, 0.8263362050056458, 0.8448975086212158, 0.9939326047897339, 0.9084811806678772, 0.8814424276351929, 0.8567571640014648, 0.9740013480186462, 0.9881484508514404, 0.9863106608390808, 0.8453773856163025, 0.9307716488838196, 0.7075887322425842, 0.9538888335227966, 0.7227275371551514, 0.07873687148094177, 0.9895157217979431, 0.9024406671524048, 0.9919010996818542, 0.47989732027053833, 0.963241696357727, 0.9905003309249878, 0.28448328375816345, 0.44821977615356445, 0.056340161710977554, 0.010079930536448956, 0.02747376076877117, 0.8371134400367737, 0.017386561259627342, 0.7358940839767456, 0.6714791655540466, 0.8127104043960571, 0.9493439197540283, 0.9565105438232422, 0.9971039295196533, 0.9944525361061096, 0.31303566694259644, 0.6375354528427124, 0.8955137729644775, 0.24733991920948029, 0.3571324050426483, 0.39621445536613464, 0.9813149571418762, 0.006063693668693304, 0.7297780513763428, 0.20439331233501434, 0.9009518027305603, 0.7195449471473694, 0.025767195969820023, 0.9648653864860535, 0.05606100335717201, 0.15099403262138367, 0.0030210332479327917, 0.9934086799621582, 0.6072733998298645, 0.7898436188697815, 0.004201735369861126, 0.6725195050239563, 0.6712402105331421, 0.909010648727417, 0.10848372429609299, 0.003460515756160021, 0.0013192909536883235, 0.0018533114343881607, 0.45240962505340576, 0.02676837332546711, 0.03518090024590492, 0.000671972637064755, 0.42793506383895874, 0.15353332459926605, 0.49755609035491943, 0.9923561811447144, 0.9537158608436584, 0.9184929728507996, 0.44654566049575806, 0.9506701827049255, 0.7957627177238464, 0.9458479881286621, 0.2045709192752838, 0.15712590515613556, 0.05220451205968857, 0.900804340839386, 0.9899017214775085, 0.9852829575538635, 0.9941340088844299, 0.7118896842002869, 0.7469722032546997, 0.9802165031433105, 0.6477214097976685, 0.11466486006975174, 0.5587474703788757, 0.1694696694612503, 0.8547964692115784, 0.03559918329119682, 0.47138339281082153, 0.02809922583401203, 0.00029359679319895804, 0.13354869186878204, 0.04159845784306526, 0.908473551273346, 0.6489714980125427, 0.07864735275506973, 0.5759599208831787, 0.8838161826133728, 0.14739654958248138, 0.005706395488232374, 0.008506507612764835, 0.39936399459838867, 0.5698199272155762, 0.9539709687232971, 0.755899965763092, 0.8309594988822937, 0.941193699836731, 0.002786417491734028, 0.3475295901298523, 0.005454431287944317, 0.004374145530164242, 0.45042726397514343, 0.6120383143424988, 0.4566453993320465, 0.0526285246014595, 0.6116770505905151, 0.9297279715538025, 0.009301147423684597, 0.0034135361202061176, 0.005216600373387337, 0.0015285136178135872, 0.07605550438165665, 0.04719605669379234, 0.9850436449050903, 0.025208715349435806, 0.019503528252243996, 0.03575088456273079, 0.011644682846963406, 0.13090312480926514, 0.9686344861984253, 0.0006809945916756988, 0.010892143473029137, 0.0005823731771670282, 0.5302489399909973, 0.008148334920406342, 0.9787232875823975, 0.4512704908847809, 